Neighborhood,NumberofFloors,PropertyGFABuilding(s),LargestPropertyUseType,LargestPropertyUseTypeGFA,SiteEnergyUse(kBtu),ratio_steam,ratio_electricity,ratio_gas,flag_datacenter,flag_laboratory,flag_office,flag_downtown,flag_greatduw,flag_lakeu,outlier
1,2,60090,1,88830.0,12086616.0,0.0,0.609884023783001,0.39011597621699906,False,False,False,True,False,False,False
1,8,102761,2,102761.0,6298131.5,0.36142251078752485,0.5774180802671396,0.061159250168085565,False,False,False,True,False,False,False
1,11,355000,3,364913.0,18588860.0,0.0396775003953981,0.9603223113197904,0.0,False,False,False,True,False,False,True
1,6,103911,4,90000.0,9956396.0,0.4612459669141324,0.44733736986757056,0.09141661299932224,False,False,False,True,False,False,False
1,5,57452,5,16442.0,7606084.5,0.23352381570307298,0.4949709669935957,0.2715051351322747,False,False,False,True,False,False,False
1,10,540360,6,537150.0,44984468.0,0.0,0.5414720698708719,0.45852784120954815,False,False,False,True,False,False,True
1,19,385274,7,385274.0,47859812.0,0.0,0.3814820877273818,0.6185178913782612,False,False,False,True,False,False,True
2,2,56228,8,58916.0,1539478.5,0.0,0.608618437997023,0.3913812372176682,False,False,False,False,False,False,False
1,7,126593,9,125000.0,11343686.0,0.0,0.40969698914444563,0.590302922700787,False,False,False,True,False,False,False
1,2,67224,10,67224.0,1310236.625,0.0,0.9999995229869261,0.0,False,False,False,True,False,False,False
3,2,160645,8,164229.0,6779173.0,0.0,0.28729182748397186,0.7127081725160281,False,False,False,False,False,False,False
4,3,87262,11,40943.0,4145920.5,0.0,0.3263070288009623,0.6736928505985583,False,False,True,False,False,True,False
5,2,110356,12,26225.0,318364.8125,0.0,0.8834676099765265,0.1165329789704696,False,False,False,False,False,False,False
6,2,714095,13,616000.0,44731160.0,0.0,0.9999998435095356,0.0,False,False,False,False,True,False,True
7,2,54986,8,54986.0,1650279.25,0.0,0.7378078588820649,0.262191989628422,False,False,False,False,False,False,False
5,2,175565,8,182861.0,6399127.5,0.0,0.24998470494610397,0.7500152169182439,False,False,False,False,False,False,False
8,2,94900,11,55586.0,6186461.5,0.0,0.6937059254308784,0.30629399374747585,False,False,True,False,False,False,False
6,2,52554,11,51029.0,2951331.25,0.0,0.5352665852062523,0.4647333300862111,False,False,True,False,True,False,False
9,3,175015,8,175015.0,6994740.5,0.0,0.3831077078556381,0.6168922206620817,False,False,False,False,False,False,False
1,3,70586,12,38439.0,2158629.0,0.0,0.69499158956912,0.30500841043087995,False,False,False,True,False,False,False
1,5,168115,11,103362.0,9536161.0,0.0,0.9999998951359986,0.0,False,False,True,True,False,False,False
1,2,57428,14,51747.0,1247362.0,0.0,0.5731607985492584,0.42683920145074167,False,False,False,True,False,False,False
1,8,59400,11,34947.0,5071974.0,0.0,0.9999998028381061,0.0,False,False,True,True,False,False,False
1,2,52549,2,23500.0,15026196.0,0.0,0.3082921985045317,0.6917078014954683,False,False,False,True,False,False,True
10,3,56072,8,56072.0,3234787.75,0.0,0.17060377454440404,0.8293959936011258,False,False,False,False,False,False,False
11,2,54984,11,54984.0,3375211.0,0.0,0.5861055797696796,0.4138944202303204,False,False,True,False,False,False,False
10,3,179014,15,179014.0,16701055.0,0.0,0.5919676331824546,0.40803230694108844,False,False,False,False,False,False,True
10,6,90439,15,40174.0,15473117.0,0.3443263887941906,0.6556735142634803,0.0,False,False,False,False,False,False,True
4,2,58320,16,72072.0,1049748.625,0.0,0.34465679819299594,0.6553426064263719,False,False,False,False,False,True,False
4,5,316306,11,261826.0,13795954.0,0.0,0.9329612870556107,0.06703856797434958,False,False,True,False,False,True,True
7,1,389000,7,368000.0,23658978.0,0.25754071033837556,0.6094576866338013,0.02910861153850348,False,False,False,False,False,False,True
7,1,91213,7,65000.0,8141155.5,0.5060866359818333,0.4611280302900491,0.0,False,False,False,False,False,False,False
7,5,396085,7,278500.0,20955026.0,0.46593547533656127,0.3460900024652797,0.0,False,False,False,False,False,False,True
4,12,571329,11,598801.0,39605888.0,0.0,0.8131669462883903,0.1868329527165254,False,False,True,False,False,True,True
7,2,52000,7,52000.0,2726369.0,0.44101880559821505,0.47438516209654674,0.0,False,False,False,False,False,False,False
7,1,60696,7,108000.0,875943.3125,0.0,0.9999996432417537,0.0,False,False,False,False,False,False,False
7,2,262048,7,296000.0,20723248.0,0.24789646873887722,0.6520544462914307,0.0,False,False,False,False,False,False,True
7,2,63888,11,45900.0,4166306.25,0.0,0.9999996999740478,0.0,False,False,True,False,False,False,False
7,6,616891,11,729584.0,36667044.0,0.0,0.7526448273277769,0.2473550908548832,False,False,True,False,False,False,True
7,4,50283,11,48546.0,3476212.5,0.0,0.8470978111953743,0.15290204496992058,False,False,True,False,False,False,False
10,3,67743,8,67743.0,2646879.0,0.0,0.5054201570982277,0.49457984290177226,False,False,False,False,False,False,False
10,6,194104,8,194104.0,6219841.5,0.0,0.30352750950325663,0.6964725708846439,False,False,False,False,False,False,False
2,3,63681,11,63681.0,4897760.0,0.0,1.0,0.0,False,False,True,False,False,False,False
6,1,130862,8,134446.0,6456026.0,0.0,0.35049734929815957,0.6495028055958882,False,False,False,False,True,False,False
2,3,59955,8,59955.0,1633399.375,0.0,0.8794028098608768,0.12059696055656934,False,False,False,False,False,False,False
7,2,93218,8,93218.0,2887392.0,0.0,0.5149138045682747,0.48508619543172526,False,False,False,False,False,False,False
5,4,56521,7,49000.0,6357632.0,0.0,0.9999998427087318,0.0,False,False,False,False,False,False,False
5,2,206934,7,119146.0,4253577.5,0.0,0.4704517550226838,0.5295481274292052,False,False,False,False,False,False,True
9,2,131013,8,131909.0,3894584.5,0.0,0.4558863724743936,0.5441137559090065,False,False,False,False,False,False,False
9,1,245587,8,245587.0,11765682.0,0.0,0.3336832493008055,0.6663166657062464,False,False,False,False,False,False,True
1,6,284100,2,189750.0,14641502.0,0.2944462938296904,0.6695365680378966,0.036017001534405416,False,False,False,True,False,False,True
8,2,55513,8,59097.0,1513570.75,0.0,1.0000001651723252,0.0,False,False,False,False,False,False,False
1,4,61156,7,42755.0,9363374.0,0.0,0.741962245660592,0.258037754339408,False,False,False,True,False,False,False
1,4,59000,17,58000.0,2010454.625,0.0,0.6524240754749687,0.34757561365007184,False,False,False,True,False,False,False
2,4,289588,8,289588.0,8819852.0,0.0,0.7312780305157048,0.26872174272312055,False,False,False,False,False,False,True
10,3,63330,9,64820.0,3059758.0,0.0,0.6245801138521413,0.37541988614785876,False,False,False,False,False,False,False
5,2,96300,11,92300.0,16319835.0,0.0,0.8562400293875521,0.14375984806218936,False,False,True,False,False,False,True
6,1,67356,18,68359.0,7475577.5,0.0,0.5594217971788802,0.44057813593665507,False,False,False,False,True,False,False
11,3,254523,8,254523.0,13567774.0,0.0,0.5774760841387836,0.42252384215715855,False,False,False,False,False,False,True
2,3,78804,8,78804.0,2499140.0,0.0,0.6583120593484159,0.34168794065158414,False,False,False,False,False,False,False
11,3,66994,8,66994.0,2371304.5,0.0,0.7695532142750963,0.2304465748704985,False,False,False,False,False,False,False
6,3,98357,8,98357.0,3456131.5,0.0,0.5575791893335077,0.44242066599607105,False,False,False,False,True,False,False
6,1,54765,11,25765.0,4253369.5,0.0,0.8391786793975929,0.16082120304854775,False,False,True,False,True,False,False
7,2,52611,9,52611.0,4116871.5,0.0,0.6022225857668864,0.39777729278166685,False,False,False,False,False,False,False
3,2,236758,8,238550.0,8355988.5,0.0,0.5732353509103082,0.42676446957771663,False,False,False,False,False,False,True
11,6,250981,7,137565.0,13071700.0,0.3317490838988043,0.6238669798113482,0.044383821538131994,False,False,False,False,False,False,True
9,3,62526,8,62526.0,1986094.875,0.0,0.5610955518930081,0.4389045110445693,False,False,False,False,False,False,False
1,11,230638,7,250000.0,65336980.0,0.0,0.46913163112222206,0.5308682923514371,False,False,False,True,False,False,True
6,3,64015,11,30000.0,3242077.75,0.0,0.8196540012033949,0.18034607590764903,False,False,True,False,True,False,False
3,1,530039,16,505103.0,27717034.0,0.0,0.5853631019827014,0.41463682585950573,False,False,False,False,False,False,True
3,4,124342,16,122000.0,8765978.0,0.0,0.9871826052951536,0.012817280627443965,False,False,False,False,False,False,False
9,3,55442,19,28636.0,3191228.25,0.0,0.5826424355575318,0.4173574861027255,False,False,False,False,False,False,False
8,2,242795,8,242795.0,9157150.0,0.0,0.8582871308212708,0.14171275997444618,False,False,False,False,False,False,True
10,5,84870,12,85521.0,1381590.125,0.0,0.34933298325362594,0.6506669262709156,False,False,False,False,False,False,False
2,2,173185,8,173185.0,6127771.5,0.0,0.293863274764733,0.7061366436395352,False,False,False,False,False,False,False
12,1,145341,8,139069.0,5499097.0,0.0,0.3391405898095633,0.6608594101904367,False,False,False,False,False,False,False
6,4,114297,13,114297.0,2100097.75,0.0,0.43449168020869505,0.5655084388333829,False,False,False,False,True,False,False
2,2,184125,8,184125.0,8800292.0,0.0,0.3408820980031117,0.6591179019968882,False,False,False,False,False,False,False
6,1,234144,13,234144.0,6744317.0,0.0,0.19524838467705477,0.8047516153229453,False,False,False,False,True,False,True
12,1,64984,16,65425.0,2944296.25,0.0,0.8877119617293946,0.1122879533606715,False,False,False,False,False,False,False
12,1,67745,16,67782.0,9230223.0,0.0,0.2842945397960591,0.7157054602039409,False,False,False,False,False,False,False
12,2,367884,8,367884.0,12265516.0,0.0,0.6689502504419708,0.3310497495580292,False,False,False,False,False,False,True
12,1,46797,8,46797.0,2075891.0,0.0,0.3840297973255821,0.6159702026744178,False,False,False,False,False,False,False
8,3,56000,7,56000.0,1851260.5,0.0,0.4563722933644401,0.5436274365493133,False,False,False,False,False,False,False
2,2,67371,8,67371.0,2128459.0,0.0,0.6790541889695785,0.3209458110304215,False,False,False,False,False,False,False
13,2,52088,12,52088.0,1377519.5,0.0,0.3802232926648225,0.6197770703064458,False,False,False,False,False,False,False
4,3,127776,8,127776.0,4748137.0,0.0,0.7855565245905921,0.21444347540940795,False,False,False,False,False,True,False
4,1,50000,17,43000.0,7548807.0,0.0,0.503115790349389,0.4968840771793477,False,False,False,False,False,True,False
8,2,67235,8,67235.0,2284133.75,0.0,0.6850421959747323,0.3149579134759512,False,False,False,False,False,False,False
9,2,91130,11,57968.0,9472358.0,0.0,0.7489142618976183,0.25108563253204746,False,False,True,False,False,False,False
13,3,58118,8,59014.0,1407277.25,0.0,0.8231903130673078,0.1768095092846843,False,False,False,False,False,False,False
6,1,70762,8,70762.0,3606416.0,0.0,0.13617563808501293,0.863824361914987,False,False,False,False,True,False,False
1,3,44558,11,34416.0,1677002.25,0.0,0.7857097389106067,0.21429011201386283,False,False,True,True,False,False,False
6,6,1258280,2,1585960.0,59757440.0,0.0,0.8273432396033029,0.17265662652215355,False,False,False,False,True,False,True
6,2,179161,20,117476.0,9436408.0,0.0,0.9296020265338252,0.07039776152112118,False,False,False,False,True,False,False
6,2,58640,13,40831.0,3928695.25,0.0,0.999999936365642,0.0,False,False,False,False,True,False,False
6,3,1172127,2,1172127.0,58761304.0,0.0,0.691311768710919,0.30868818023507444,False,False,False,False,True,False,True
6,4,79600,13,79600.0,2411402.25,0.0,0.9999998963258826,0.0,False,False,False,False,True,False,False
4,4,241066,8,241066.0,7791957.0,0.0,0.39737334279437114,0.6026266572056288,False,False,False,False,False,True,True
3,6,84739,21,335109.0,9134963.0,0.0,0.7657662105473224,0.23423367998315922,False,False,False,False,False,False,True
12,1,71714,8,71714.0,2371358.0,0.0,0.8198745191573773,0.18012548084262267,False,False,False,False,False,False,False
4,3,67236,13,67236.0,549181.375,0.0,0.770931097217199,0.2290682199482821,False,False,False,False,False,True,False
13,2,208981,8,208981.0,8164853.0,0.0,0.5995026487310917,0.40049735126890834,False,False,False,False,False,False,True
5,2,55653,8,55500.0,1377627.0,0.0,0.004455487588440122,0.9955445124115598,False,False,False,False,False,False,False
3,5,50759,11,47079.0,3147042.0,0.0,0.8129961405027324,0.18700385949726758,False,False,True,False,False,False,False
5,2,56772,22,56772.0,2439484.75,0.0,0.39972088368250713,0.6002792187981499,False,False,False,False,False,False,False
5,3,103000,22,103000.0,4854429.5,0.0,0.4817115996843707,0.5182885033143442,False,False,False,False,False,False,False
5,3,269297,8,269297.0,10498344.0,0.0,0.6862001283250005,0.3137998716749994,False,False,False,False,False,False,True
5,3,75174,8,75174.0,2733846.0,0.0,0.5814310681728232,0.4185685660421253,False,False,False,False,False,False,False
7,3,75214,8,75214.0,2334260.0,0.0,0.7427128940220884,0.25728710597791166,False,False,False,False,False,False,False
13,3,134918,8,134918.0,3822102.5,0.0,0.7574639874257689,0.24253614339228213,False,False,False,False,False,False,False
11,2,64414,8,65310.0,2295176.5,0.0,0.9999997821518302,0.0,False,False,False,False,False,False,False
9,3,92437,8,92437.0,4626443.0,0.0,0.20920305297179712,0.7907969470282029,False,False,False,False,False,False,False
1,7,128766,2,109754.0,6057410.0,0.0,0.9463863268294536,0.05361367317054649,False,False,False,True,False,False,False
1,15,230880,7,203000.0,62197176.0,0.0,0.9999999196104981,0.0,False,False,False,True,False,False,True
6,3,204961,8,204961.0,8190809.0,0.0,0.5529033823154709,0.44709649559646675,False,False,False,False,True,False,True
7,1,76086,7,77810.0,3267564.0,0.0,0.4784500012853612,0.5215499987146388,False,False,False,False,False,False,False
7,5,151000,15,146741.0,28731502.0,0.0,0.652435121560996,0.34756480882899893,False,False,False,False,False,False,True
1,2,69400,2,69400.0,14833476.0,0.0,0.710175416739812,0.2898244484300241,False,False,False,True,False,False,True
1,1,62900,23,32494.0,10394330.0,0.0,0.36442300754353574,0.6355769924564643,False,False,False,True,False,False,False
1,4,56500,11,33000.0,1380293.625,0.3569978181272843,0.6430023177133778,0.0,False,False,True,True,False,False,False
6,4,203504,13,159372.0,3785282.5,0.0,0.9999998679094625,0.0,False,False,False,False,True,False,True
1,3,74003,11,100734.0,9788717.0,0.0,0.999999897841566,0.0,False,False,True,True,False,False,False
1,4,59158,11,62108.0,5007401.0,0.0,0.8559534177510449,0.14404638254455754,False,False,True,True,False,False,False
1,12,212210,11,173786.0,18661606.0,0.0,0.9777374466056137,0.022262392636517993,False,False,True,True,False,False,True
1,25,369996,11,383942.0,24755086.0,0.0,0.9999999192085214,0.0,False,False,True,True,False,False,True
1,10,693450,16,361107.0,40062888.0,0.0005299368527800592,0.9359551912483194,0.0635147421224351,False,False,False,True,False,False,True
1,33,791396,11,622034.0,40847752.0,0.0,0.9998013354565999,0.013177004208211997,False,False,True,True,False,False,True
1,23,542671,11,542461.0,30985420.0,0.0,0.8999051489377907,0.10009472196923586,False,False,True,True,False,False,True
1,10,55652,11,45260.0,3444270.0,0.6057668969041335,0.39423303051154523,0.0,False,False,True,True,False,False,False
1,17,174790,11,142034.0,7739699.0,0.0,0.8703279029326593,0.12967196786334972,False,False,True,True,False,False,True
1,5,73399,11,51557.0,3757006.0,0.0,0.9999997338306087,0.0,False,False,True,True,False,False,False
1,20,233517,11,226454.0,14633233.0,0.44889820315168905,0.5511016601731141,0.0,False,False,True,True,False,False,True
1,25,529375,11,582725.0,27018020.0,0.0,0.9671931177784309,0.032806734172230234,False,False,True,True,False,False,True
1,12,206000,11,161000.0,8580279.0,0.26951300184993987,0.7304868524671517,0.0,False,False,True,True,False,False,True
1,36,669915,11,743562.0,39523852.0,0.0,0.9999998734941119,0.0,False,False,True,True,False,False,True
1,16,339240,11,311736.0,17867002.0,0.0,0.9925154762953516,0.007484411766450801,False,False,True,True,False,False,True
1,7,89550,11,64712.0,3903259.75,0.08925534932693116,0.9107444104892072,0.0,False,False,True,True,False,False,False
1,6,89355,11,82355.0,4178233.5,0.0,0.9852491489525418,0.014750731379660806,False,False,True,True,False,False,False
1,15,388934,11,388934.0,18576900.0,0.06418421534271057,0.9358156097088319,0.0,False,False,True,True,False,False,True
1,22,384302,11,348969.0,10062436.0,0.0,0.9999999006204859,0.0,False,False,True,True,False,False,True
1,17,293925,11,236827.0,24906132.0,0.43848904358171714,0.5615108761167732,0.0,False,False,True,True,False,False,True
1,47,1323055,11,1011135.0,44683660.0,0.0,0.9963786314728919,0.0036212790089263057,False,False,True,True,False,False,True
1,41,460489,11,470416.0,24603420.0,0.0,0.9999998780657323,0.0,False,False,True,True,False,False,True
1,6,89699,11,89699.0,1835804.875,0.26189275698486203,0.738107311105163,0.0,False,False,True,True,False,False,False
1,8,94948,11,84838.0,3743228.5,0.0,0.9999998664254667,0.0,False,False,True,True,False,False,False
1,29,438072,11,522667.0,18221224.0,0.00991875172052108,0.990081072489971,0.0,False,False,True,True,False,False,True
1,6,146922,11,99890.0,41399504.0,0.0,0.9612353809842746,0.03876449824133159,False,False,True,True,False,False,True
1,34,614158,11,606050.0,32552428.0,0.0,0.9970792040458549,0.0029207037951209046,False,False,True,True,False,False,True
1,14,162993,11,182540.0,9641043.0,0.2235211999365629,0.7764786444786109,0.0,False,False,True,True,False,False,False
1,49,754455,11,808980.0,45163308.0,0.0,0.8497802906731279,0.15021962075940054,False,False,True,True,False,False,True
1,37,888049,11,765351.0,41213584.0,0.0,0.9999998786807767,0.0,False,False,True,True,False,False,True
1,42,446184,11,581558.0,69519808.0,0.012701178633865043,0.987298785405161,0.0,False,False,True,True,False,False,True
1,8,201480,11,161762.0,8921778.0,0.18157444345734672,0.8184254304467115,0.0,False,False,True,True,False,False,True
1,63,1195387,11,1191115.0,61576184.0,0.0,0.99999993503982,0.0,False,False,True,True,False,False,True
1,14,310490,11,269284.0,21169502.0,0.0,0.7616634533963057,0.23833649936592746,False,False,True,True,False,False,True
1,8,168870,11,160418.0,13214416.0,0.0,0.661320560817822,0.338679439182178,False,False,True,True,False,False,True
1,13,319539,11,319539.0,13843866.0,0.0,0.8125610288339977,0.1874388266976869,False,False,True,True,False,False,True
1,7,106099,11,96582.0,2746560.75,0.0,0.5973612635365885,0.4026384633946291,False,False,True,True,False,False,False
5,2,89200,16,89200.0,6461937.0,0.0,0.8510025709009543,0.14899727434668583,False,False,False,False,False,False,False
5,23,474546,11,474546.0,28450436.0,0.0,0.9999998945534613,0.0,False,False,True,False,False,False,True
5,5,36000,24,36000.0,30038490.0,0.0,0.9999999001281356,0.0,True,False,False,False,False,False,True
5,5,99005,11,79555.0,4728488.5,0.0,0.6055237313149857,0.39447637442704997,False,False,True,False,False,False,False
5,6,90803,11,95943.0,4426136.0,0.0,1.0,0.0,False,False,True,False,False,False,False
5,5,137929,11,145754.0,7046345.5,0.0,0.9999999290412314,0.0,False,False,True,False,False,False,True
1,5,93660,12,93660.0,873221.875,0.0,1.00000014314804,0.0,False,False,False,True,False,False,False
1,18,349055,11,348270.0,24224888.0,0.0,0.9999999174402788,0.0,False,False,True,True,False,False,True
1,11,185760,21,182820.0,9765777.0,0.0,0.9903791577464856,0.009620739855108303,False,False,False,True,False,False,True
1,20,378769,11,367623.0,26823218.0,0.0,0.9917642991232446,0.008235589033351629,False,False,True,True,False,False,True
1,24,427155,11,424044.0,25307744.0,0.0,0.9999998814592087,0.0,False,False,True,True,False,False,True
1,4,70647,25,42389.0,8218155.5,0.0,0.9107468214735046,0.08925311768559259,False,True,False,True,False,False,False
1,6,272410,11,274002.0,20361158.0,0.0,0.9999999017737596,0.0,False,False,True,True,False,False,True
1,6,203880,11,191814.0,14913424.0,0.0,0.9999998658926347,0.0,False,False,True,True,False,False,True
1,3,144118,11,146157.0,5357833.0,0.0,0.9648753516580304,0.03512446169934748,False,False,True,True,False,False,False
1,8,191117,11,158681.0,29949248.0,0.0,0.9999998330509,0.0,False,False,True,True,False,False,True
9,1,60880,26,61666.0,14293972.0,0.0,0.5684366808609951,0.43156324917944433,False,False,False,False,False,False,True
1,5,50176,11,50328.0,2933288.75,0.0,0.9670558345133938,0.032943909800901804,False,False,True,True,False,False,False
1,42,304346,11,245028.0,23262244.0,0.043608104832878546,0.4831753978678927,0.47321647043165743,False,False,True,True,False,False,True
6,1,128800,13,119200.0,1809101.5,0.0,0.2055440228201679,0.7944562535601236,False,False,False,False,True,False,False
1,8,321945,11,166919.0,13656587.0,0.2709776425105336,0.7290222659585444,0.0,False,False,True,True,False,False,True
1,22,336330,11,256299.0,18967014.0,0.28315537701400967,0.6924762643186745,0.024368305944203975,False,False,True,True,False,False,True
1,21,298426,11,286538.0,27076922.0,0.4712858795397793,0.5287140835284011,0.0,False,False,True,True,False,False,True
1,42,635824,11,718473.0,48479988.0,0.0,0.9999998762375931,0.0,False,False,True,True,False,False,True
2,2,291940,16,191940.0,11688601.0,0.0,0.8498759603480348,0.15012395409852727,False,False,False,False,False,False,True
6,1,88400,13,33450.0,4383100.5,0.0,0.5773670943661913,0.42263279155930833,False,False,False,False,True,False,False
9,1,52311,13,51116.0,930611.875,0.0,0.018015029090403558,0.9819851052298253,False,False,False,False,False,False,False
4,5,71421,21,74831.0,3085814.0,0.0,0.9999996759363979,0.0,False,False,False,False,False,True,False
4,5,106465,11,103494.0,5803409.0,0.0,1.0,0.0,False,False,True,False,False,True,False
8,1,52500,13,49395.0,3989399.0,0.0,0.7682302522259619,0.23176949710971503,False,False,False,False,False,False,False
8,2,57300,13,29001.0,4560492.0,0.0,0.40651622675799015,0.5934837732420098,False,False,False,False,False,False,False
1,6,350310,11,305233.0,18102026.0,0.0,0.8824628801218162,0.11753689890844263,False,False,True,True,False,False,True
1,55,1115000,11,994116.0,53079164.0,0.0410610790704993,0.9320575018852972,0.026881357814904545,False,False,True,True,False,False,True
1,46,1023998,11,1002403.0,56606136.0,0.0,0.9480961745913906,0.051903737078962606,False,False,True,True,False,False,True
1,10,135918,11,144570.0,6423556.5,0.33022251769716665,0.6697774044643338,0.0,False,False,True,True,False,False,False
1,4,79957,16,35694.0,5252131.0,0.0,0.9999998096010934,0.0,False,False,False,True,False,False,False
1,4,127268,11,62512.0,7711757.5,0.09265380654150497,0.7831943626339392,0.12415172546595248,False,False,True,True,False,False,False
1,29,500000,11,411301.0,18848780.0,0.0,0.9999998408385052,0.0,False,False,True,True,False,False,True
1,10,132326,11,92006.0,6029020.0,0.05444451897655008,0.9451322105416801,0.00042312017541822717,False,False,True,True,False,False,False
1,6,96630,11,83485.0,7335905.5,0.0,0.9999999318420882,0.0,False,False,True,True,False,False,False
1,10,130513,11,87391.0,11651200.0,0.054160000686624556,0.5876644465806097,0.35817555273276575,False,False,True,True,False,False,False
1,8,60660,11,41958.0,2586116.0,0.0,1.0,0.0,False,False,True,True,False,False,False
1,14,137350,11,124508.0,6366084.5,0.35482646358212805,0.6451734971472654,0.0,False,False,True,True,False,False,False
1,15,151039,11,125473.0,5446624.0,0.5232741878271752,0.4767257662728325,0.0,False,False,True,True,False,False,False
1,30,620338,11,643083.0,52226204.0,0.009945007682350416,0.8271702649497559,0.16288459333556005,False,False,True,True,False,False,True
1,4,63540,11,56747.0,3518459.5,0.0,0.6901560185643746,0.3098438393279786,False,False,True,True,False,False,False
1,10,130893,11,87925.0,6962073.0,0.0,0.9999998563646202,0.0,False,False,True,True,False,False,False
1,5,79920,11,39960.0,3009463.75,0.0,1.000000083071278,0.0,False,False,True,True,False,False,False
1,6,61423,21,64821.0,9671619.0,0.0,0.736445366592708,0.26355453001198664,False,False,False,True,False,False,False
1,4,100375,21,166960.0,7273155.5,0.0,0.710819671049244,0.2891802602048038,False,False,False,True,False,False,True
1,56,1215718,11,1314475.0,49517704.0,0.01849146468907363,0.9306128773660427,0.050895534251749634,False,False,True,True,False,False,True
1,36,794592,11,748011.0,26689658.0,0.0,0.9753385000287377,0.02466138756817341,False,False,True,True,False,False,True
1,21,363100,11,342952.0,19397324.0,0.0,0.9999998968929941,0.0,False,False,True,True,False,False,True
1,12,100717,11,104788.0,4757299.5,0.0,0.9999998948983557,0.0,False,False,True,True,False,False,False
1,4,70000,11,70090.0,4549892.0,0.0,0.9999997802145634,0.0,False,False,True,True,False,False,False
1,11,189629,11,150969.0,13329024.0,0.0,0.9999998499515044,0.0,False,False,True,True,False,False,True
1,12,155500,7,146689.0,14436982.0,0.0,0.9999999307334455,0.0,False,False,False,True,False,False,True
1,11,102846,11,93879.0,5327249.5,0.6534104982317799,0.3465895486967524,0.0,False,False,True,True,False,False,False
1,4,52800,11,38880.0,2429021.0,0.0,0.7541853281630747,0.24581426014843016,False,False,True,True,False,False,False
1,8,861702,16,509342.0,17666646.0,0.16573237783787595,0.8341682399703939,9.922653117065911e-05,False,False,False,True,False,False,True
10,5,109550,7,206950.0,19295226.0,0.08456756349990407,0.9154323976303775,0.0,False,False,False,False,False,False,True
10,3,162000,15,162000.0,13911761.0,0.03426897662344832,0.8556039742200862,0.11012689191540884,False,False,False,False,False,False,True
10,14,282363,15,270384.0,21156670.0,0.0,0.9999999527335823,0.0,False,False,False,False,False,False,True
4,6,200783,21,164332.0,55073120.0,0.0,0.9715541810596531,0.0284457099942767,False,False,False,False,False,True,True
4,6,108912,21,104922.0,75073888.0,0.0,0.9979149075108512,0.0020849459668320362,False,False,False,False,False,True,True
7,5,237282,11,228504.0,16373232.0,0.0,0.9999998167741103,0.0,False,False,True,False,False,False,True
6,1,123061,13,123061.0,1987934.625,0.0,0.9999996856033432,0.0,False,False,False,False,True,False,False
6,1,59090,20,40272.0,2756214.75,0.0,0.23016566470373906,0.7698344260003688,False,False,False,False,True,False,False
6,1,106000,13,106001.0,763364.5,0.0,0.9999993450049092,0.0,False,False,False,False,True,False,False
4,3,120200,11,125779.0,18309150.0,0.0,0.8706590966811676,0.1293407940838324,False,False,True,False,False,True,True
6,1,119661,20,118733.0,775729.1875,0.0,0.9990148785010103,0.0009848797909257476,False,False,False,False,True,False,False
4,7,94472,11,82098.0,4342597.0,0.0,1.0,0.0,False,False,True,False,False,True,False
7,6,61800,11,95721.0,3063504.5,0.0,0.9999998367882273,0.0,False,False,True,False,False,False,False
7,5,98055,11,105563.0,5661689.5,0.0,0.9999999116871386,0.0,False,False,True,False,False,False,True
4,3,56041,11,63199.0,11319836.0,0.0,0.4332432908038597,0.5667566208556378,False,False,True,False,False,True,False
3,5,74880,11,71751.0,5134607.5,0.0,0.9999999026215733,0.0,False,False,True,False,False,False,False
3,6,88774,11,85339.0,6029121.5,0.0,0.9999999170691783,0.0,False,False,True,False,False,False,False
3,5,122250,11,91281.0,5535626.0,0.0,0.9999998193519577,0.0,False,False,True,False,False,False,False
3,4,53730,11,53730.0,4742869.0,0.0,1.0,0.0,False,False,True,False,False,False,False
12,3,55593,11,55593.0,4224872.5,0.0,0.6728129665451442,0.32718691510808906,False,False,True,False,False,False,False
4,4,73096,11,72066.0,4695139.0,0.0,0.9999997870137604,0.0,False,False,True,False,False,True,False
6,1,158415,16,158415.0,22394416.0,0.0,0.7112323893599191,0.2887675213321035,False,False,False,False,True,False,True
4,8,287819,11,155985.0,48406556.0,0.0,0.9948040922390761,0.005195804469130173,False,False,True,False,False,True,True
7,4,58195,11,58195.0,2991674.75,0.0,0.9999997493042986,0.0,False,False,True,False,False,False,False
8,1,164437,16,102653.0,18390344.0,0.0,0.766679459612066,0.2333204316352103,False,False,False,False,False,False,True
4,5,118248,11,118016.0,5671256.0,0.0,0.9964388840849364,0.003560939587280137,False,False,True,False,False,True,False
4,3,55200,25,54880.0,11594121.0,0.0,0.6469121721258558,0.3530877416235349,False,True,False,False,False,True,False
4,4,129366,25,176171.0,33713876.0,0.0,0.6047635400925127,0.39523643024610994,False,True,False,False,False,True,True
4,6,86700,11,79384.0,3238216.0,0.0,1.0,0.0,False,False,True,False,False,True,False
4,5,172371,11,168132.0,7851334.5,0.0,0.980123824809655,0.019876111506903698,False,False,True,False,False,True,True
4,5,127800,13,127800.0,2767491.0,0.0,0.9198187094375375,0.08018092922434075,False,False,False,False,False,True,False
4,5,353919,11,372503.0,30083496.0,0.0,0.6954837961651797,0.3045161373531853,False,False,True,False,False,True,True
4,6,131592,11,131592.0,11963428.0,0.0,0.9796363550647857,0.020363561347132277,False,False,True,False,False,True,True
4,5,109046,7,72407.0,31371618.0,0.0,0.6488604763707119,0.3511394280014502,False,False,False,False,False,True,True
4,4,136143,11,113803.0,6917478.5,0.0,0.7667253320700599,0.23327459564926728,False,False,True,False,False,True,True
4,6,193198,11,178628.0,7519466.5,0.0,0.9505271417859232,0.04947279171999769,False,False,True,False,False,True,True
4,3,67380,13,29732.0,2755829.0,0.0,0.5683302556145537,0.43166974438544625,False,False,False,False,False,True,False
4,4,102235,25,103135.0,24395228.0,0.0,0.6294367898508676,0.37056312816588555,False,True,False,False,False,True,True
4,5,282813,25,175364.0,45252356.0,0.0,0.662787391666414,0.33721254203869516,False,True,False,False,False,True,True
7,5,67236,11,64752.0,3415561.25,0.0,0.9999999268055872,0.0,False,False,True,False,False,False,False
7,5,66762,11,66648.0,3632613.75,0.0,1.0000000688209694,0.0,False,False,True,False,False,False,False
7,5,66762,11,66747.0,3493093.75,0.0,0.9999997852906181,0.0,False,False,True,False,False,False,False
7,5,66400,11,69691.0,3484915.5,0.0,0.9999998565244982,0.0,False,False,True,False,False,False,False
5,4,108344,15,108344.0,19165116.0,0.0,0.610669249275611,0.3893305941899856,False,False,False,False,False,False,True
5,4,95995,15,95995.0,8422861.0,0.0,0.9504244460403656,0.04957543523512973,False,False,False,False,False,False,False
8,2,111445,12,111445.0,5697472.5,0.0,0.5278681029175656,0.4721318093242223,False,False,False,False,False,False,False
13,4,98475,13,98475.0,1090496.625,0.0,0.7051805410218487,0.2948198028581702,False,False,False,False,False,False,False
3,2,121087,26,121087.0,14512786.0,0.0,0.7359597254448594,0.26404020565038305,False,False,False,False,False,False,True
6,1,63225,26,63225.0,6522551.5,0.0,0.999999923342882,0.0,False,False,False,False,True,False,False
12,1,113780,27,91532.0,3574542.25,0.0,0.4114890515002306,0.5885108785607444,False,False,False,False,False,False,False
6,1,243044,13,325424.0,1396082.25,0.0,0.5021029384192801,0.497896882508176,False,False,False,False,True,False,True
4,3,123940,21,156312.0,11521702.0,0.0,0.9999999132072674,0.0,False,False,False,False,False,True,True
7,3,53464,7,72000.0,6876439.5,0.0,0.9999997818638555,0.0,False,False,False,False,False,False,False
9,1,131387,16,107931.0,8773058.0,0.0,0.8782016487295536,0.12179812329976616,False,False,False,False,False,False,False
9,3,94400,13,67155.0,784364.5,0.0,0.8680466798280646,0.1319539576306679,False,False,False,False,False,False,False
9,1,111900,28,124231.0,9814820.0,0.0,0.651071339056651,0.3489284571698717,False,False,False,False,False,False,False
9,1,144776,29,144776.0,13424079.0,0.0,0.76782139020487,0.2321785353021239,False,False,False,False,False,False,False
9,1,114000,16,57805.0,17225444.0,0.0,0.454942990148759,0.5450569517975851,False,False,False,False,False,False,True
9,1,50083,26,50065.0,8663691.0,0.0,0.7535344924005254,0.24646539217522878,False,False,False,False,False,False,False
4,3,95426,11,96504.0,4991360.5,0.0,0.9995693558900424,0.0004305439368685151,False,False,True,False,False,True,False
4,4,53472,11,90000.0,3897738.0,0.0,0.9999997434409393,0.0,False,False,True,False,False,True,False
4,3,62332,11,62232.0,5413418.0,0.0,0.9999998152738252,0.0,False,False,True,False,False,True,False
4,3,166128,11,152579.0,11325513.0,0.0,0.9700711128935174,0.02972139098688068,False,False,True,False,False,True,True
4,4,140302,11,138995.0,8651835.0,0.0,0.9381428332833439,0.06185716671665606,False,False,True,False,False,True,True
1,6,154660,2,119815.0,52960796.0,0.33134728564125054,0.6596730910162302,0.008979472287387826,False,False,False,True,False,False,True
6,5,268920,11,243018.0,7683885.0,0.0,0.9999998698575004,0.0,False,False,True,False,True,False,True
6,2,90000,13,70000.0,1429146.375,0.0,0.890686931910666,0.109312805694938,False,False,False,False,True,False,False
6,1,50200,16,50200.0,1047461.0,0.0,0.48446767946491565,0.5155323205350844,False,False,False,False,True,False,False
8,6,87833,11,53993.0,4758198.0,0.0,0.6033904011560679,0.3966095988439321,False,False,True,False,False,False,False
8,2,63240,13,63240.0,227566.7031,0.0,0.3753141335552442,0.6246871711171703,False,False,False,False,False,False,False
8,5,140415,21,182454.0,17085344.0,0.0,0.6267421949479038,0.3732578050520961,False,False,False,False,False,False,True
7,4,106893,12,130293.0,465533.3125,0.0,0.9999993287268781,0.0,False,False,False,False,False,False,False
7,4,106041,13,106041.0,1123943.0,0.0,0.6578118285357888,0.34218817146421127,False,False,False,False,False,False,False
7,3,94470,12,94470.0,1000796.875,0.0,0.43251434013520473,0.5674857847652652,False,False,False,False,False,False,False
1,10,143508,11,150840.0,7637986.0,0.0,0.9999998690754343,0.0,False,False,True,True,False,False,False
5,2,69492,16,69800.0,318962.8125,0.0,1.0000005878428226,0.0,False,False,False,False,False,False,False
6,1,22780,13,22780.0,402051.3125,0.0,0.9999992227360283,0.0,False,False,False,False,True,False,False
6,1,124472,20,124423.0,5464762.0,0.0,0.2096993428076099,0.7903006571923901,False,False,False,False,True,False,False
1,22,129000,11,227556.0,8493420.0,0.0,0.9999998822617979,0.0,False,False,True,True,False,False,True
6,1,50065,20,49918.0,1529510.25,0.0,0.5467508308623626,0.4532490056866242,False,False,False,False,True,False,False
6,1,57540,20,57540.0,2582687.0,0.0,0.5076035152536873,0.49239648474631265,False,False,False,False,True,False,False
6,1,85400,13,85400.0,1536998.25,0.0,0.999999837345293,0.0,False,False,False,False,True,False,False
6,1,55700,13,55700.0,519806.0938,0.0,0.9999998195480948,0.0,False,False,False,False,True,False,False
6,1,53250,11,52759.0,1794187.25,0.0,0.5842049094931424,0.415794951168001,False,False,True,False,True,False,False
7,6,50245,11,78672.0,2179719.75,0.0,0.8663967007685277,0.1336029551505417,False,False,True,False,False,False,False
9,3,64660,13,64660.0,325513.0,0.0,0.7305791166558632,0.2694208833441368,False,False,False,False,False,False,False
10,2,55916,7,28442.0,3684188.5,0.0,0.9247222285178948,0.07527763576700812,False,False,False,False,False,False,False
6,1,161678,20,162425.0,9357230.0,0.0,0.6766962017605638,0.3233036913702025,False,False,False,False,True,False,False
6,1,101101,20,101101.0,21795830.0,0.0,0.9992393040320098,0.0007605583269827302,False,False,False,False,True,False,True
6,1,52613,20,59504.0,1061458.25,0.0,0.49730830204579407,0.5026914624291628,False,False,False,False,True,False,False
6,1,56608,7,45340.0,5094197.0,0.0,0.8349233451317254,0.16507645856648262,False,False,False,False,True,False,False
6,1,104099,30,100000.0,17695420.0,0.0,0.9767335841703673,0.02326618978244088,False,False,False,False,True,False,True
9,1,50734,26,51722.0,14715262.0,0.0,0.5406931932302667,0.45930680676973334,False,False,False,False,False,False,True
3,1,58480,26,44431.0,11054535.0,0.0,0.6167397362259018,0.3832601733134863,False,False,False,False,False,False,False
4,6,211900,11,217977.0,9058916.0,0.0,0.8695734677305762,0.0,False,False,True,False,False,True,True
4,4,104014,16,98863.0,9937707.0,0.0,0.7353714493695578,0.26462845000360746,False,False,False,False,False,True,True
11,2,62220,11,60676.0,5444253.5,0.0,0.9976438459377397,0.002356062222304674,False,False,True,False,False,False,False
6,1,65430,11,60732.0,3181045.5,0.0,0.5362365926548363,0.4637632501641363,False,False,True,False,True,False,False
5,3,59850,11,83715.0,6062770.5,0.0,0.9753258844285793,0.024674033100873603,False,False,True,False,False,False,False
11,3,80004,7,74864.0,12232124.0,0.0,0.9999998364960984,0.0,False,False,False,False,False,False,False
6,2,323916,13,263528.0,8024064.5,0.0,0.44218051836447725,0.5578194193229629,False,False,False,False,True,False,True
6,14,304052,11,218918.0,21027396.0,0.0,0.8961406348175495,0.10385931762544444,False,False,True,False,True,False,True
4,4,54175,11,50235.0,4855036.5,0.0,0.9999998970141625,0.0,False,False,True,False,False,True,False
6,2,98024,20,63896.0,1988334.5,0.0,0.6905462838370505,0.3094539676296921,False,False,False,False,True,False,False
4,1,50000,11,20000.0,2603931.25,0.0,0.6192740303723456,0.38072587361897514,False,False,True,False,False,True,False
4,5,77953,11,78521.0,5135040.0,0.0,0.9999998052595501,0.0,False,False,True,False,False,True,False
3,2,302812,16,302812.0,7290824.5,0.0,0.7667569010884846,0.23324303033216615,False,False,False,False,False,False,True
9,5,86400,11,78200.0,9080022.0,0.0,0.45040419505591506,0.5495956948121932,False,False,True,False,False,False,False
3,2,98539,28,98539.0,5450441.5,0.0,0.9662215437043036,0.03377836456000858,False,False,False,False,False,False,False
9,6,86483,11,86483.0,6361236.5,0.0,0.9999999213989292,0.0,False,False,True,False,False,False,False
12,1,51600,20,34400.0,1124543.125,0.0,0.7251905079229398,0.27480938092080726,False,False,False,False,False,False,False
12,1,140520,13,140520.0,2225512.0,0.0,0.5888640456667948,0.4111359543332051,False,False,False,False,False,False,False
7,5,91649,11,91645.0,4636396.5,0.0,0.8758269487952551,0.12417294336237204,False,False,True,False,False,False,False
9,3,69854,21,91935.0,6963616.5,0.0,0.9977008354782317,0.002299092719996858,False,False,False,False,False,False,False
9,3,63909,15,60670.0,4765753.5,0.0,0.9999998950847961,0.0,False,False,False,False,False,False,False
9,2,53472,13,46846.0,971155.625,0.0,0.3923418556114526,0.607658530526454,False,False,False,False,False,False,False
6,1,50417,13,50417.0,1847401.0,0.0,0.4628215530899897,0.5371784469100104,False,False,False,False,True,False,False
1,1,43728,23,43728.0,11508035.0,0.0,0.0,1.0,False,False,False,True,False,False,False
9,3,133298,15,133298.0,15640994.0,0.0,0.7416524806543625,0.25834739147652636,False,False,False,False,False,False,True
3,2,168619,16,173106.0,6455828.5,0.0,0.8452643994492729,0.15473552310133393,False,False,False,False,False,False,False
4,5,138509,21,113318.0,47102428.0,0.0,0.6189671156654599,0.38103284187388387,False,False,False,False,False,True,True
4,4,104500,11,103970.0,6486377.5,0.0,0.9999999229153714,0.0,False,False,True,False,False,True,False
6,2,104786,13,104786.0,1028376.875,0.0,0.6483206849628936,0.3516794365878754,False,False,False,False,True,False,False
6,1,11440,7,51427.0,1770027.5,0.0,0.5400859591164544,0.4599137584020587,False,False,False,False,True,False,False
6,1,110689,7,110689.0,2339814.25,0.0,0.15228901183074683,0.8477108813231649,False,False,False,False,True,False,False
6,1,53620,11,53620.0,2058955.25,0.0,0.918224910424838,0.08177496815435886,False,False,True,False,True,False,False
6,1,50008,11,50008.0,3202213.0,0.0,0.7091461436200528,0.2908535440959112,False,False,True,False,True,False,False
7,4,191000,11,194674.0,6657348.5,0.0,0.9891504102571768,0.01084936442789498,False,False,True,False,False,False,True
6,1,50832,13,43920.0,2551022.25,0.0,0.24068429822593668,0.759315995773851,False,False,False,False,True,False,False
6,1,76354,30,76486.0,2843033.5,0.0,0.9964441150623093,0.003555709069203722,False,False,False,False,True,False,False
6,1,98480,13,98480.0,2831565.5,0.0,0.8487697000122371,0.1512301234069987,False,False,False,False,True,False,False
4,3,124700,11,66737.0,22530168.0,0.0,0.5347391106892767,0.4652608449257902,False,False,True,False,False,True,True
4,3,106003,7,106003.0,19155416.0,0.0,0.6916927828662139,0.30830716492922944,False,False,False,False,False,True,True
4,11,124721,11,107594.0,13898181.0,0.0,0.5806500865113211,0.41934991348867884,False,False,True,False,False,True,True
4,7,94002,11,93905.0,5662234.0,0.0,1.0,0.0,False,False,True,False,False,True,False
6,1,93020,13,93020.0,1252323.875,0.0,1.000000099814435,0.0,False,False,False,False,True,False,False
1,1,23000,7,20310.0,711118.375,0.0,0.366519849807003,0.6334810290902693,False,False,False,True,False,False,False
2,1,61053,26,54434.0,13133225.0,0.0,0.6452827846930209,0.354717139164219,False,False,False,False,False,False,False
1,7,154159,11,193154.0,11195917.0,0.0,0.14369238357161812,0.030640634438429654,False,False,True,True,False,False,False
1,5,78920,11,78564.0,2830674.75,0.0,0.9999997350455047,0.0,False,False,True,True,False,False,False
1,7,99440,11,65088.0,6606832.5,0.0,0.7092431963425742,0.2907567279781953,False,False,True,True,False,False,False
1,6,73260,11,63871.0,2853189.5,0.0,0.9999998247575214,0.0,False,False,True,True,False,False,False
1,4,69817,11,34647.0,2178074.5,0.35402149352558876,0.5716622640777439,0.0743160989213179,False,False,True,True,False,False,False
1,4,84750,11,41609.0,2094724.625,0.0,0.8816633833194184,0.11833679570172619,False,False,True,True,False,False,False
1,6,62176,11,45799.0,3570161.75,0.0,1.0000000700248386,0.0,False,False,True,True,False,False,False
1,4,164380,11,123607.0,7655751.0,0.05218799729771775,0.8094194808582463,0.1383924320422647,False,False,True,True,False,False,False
1,7,160580,11,160580.0,4336187.5,0.0800721616166275,0.6950993240029404,0.22482837746292106,False,False,True,True,False,False,False
1,6,73470,11,47145.0,3212269.0,0.0,1.0,0.0,False,False,True,True,False,False,False
1,3,67755,7,33647.0,1904480.0,0.0,1.0,0.0,False,False,False,True,False,False,False
6,3,56700,11,26250.0,2371575.0,0.0,0.8624715642558215,0.13752843574417845,False,False,True,False,True,False,False
6,1,82852,13,58472.0,2153603.5,0.0,0.4912998144737413,0.5087004176952721,False,False,False,False,True,False,False
6,2,76442,7,50500.0,3978277.0,0.0,0.4286787973788653,0.5713212026211347,False,False,False,False,True,False,False
6,2,92792,20,85343.0,3155496.0,0.0,0.6416021443221605,0.35839785567783955,False,False,False,False,True,False,False
6,2,125519,31,142901.0,2244317.0,0.0,1.0,0.0,False,False,False,False,True,False,False
6,4,103200,11,104869.0,4374646.0,0.0,0.9999997714100752,0.0,False,False,True,False,True,False,False
6,1,78814,13,78814.0,861972.875,0.0,0.7368294506947217,0.2631706943214425,False,False,False,False,True,False,False
6,6,64800,20,51040.0,2688675.75,0.0,0.999999721052269,0.0,False,False,False,False,True,False,False
6,4,56270,20,39884.0,1056782.125,0.0,0.9999998817163944,0.0,False,False,False,False,True,False,False
1,4,66842,11,43122.0,5608600.5,0.0,0.6164710786585709,0.3835288321926299,False,False,True,True,False,False,False
1,6,64488,11,65508.0,2891605.0,0.0,0.9998699684085482,0.00013003159145180617,False,False,True,True,False,False,False
1,7,184322,11,183916.0,9722890.0,0.0,0.9999998971499214,0.0,False,False,True,True,False,False,False
1,7,287853,11,273812.0,25567108.0,0.0,0.9966939553742253,0.0033059664002670934,False,False,True,True,False,False,True
6,2,64512,11,63000.0,5968153.5,0.0,0.49464863797487785,0.5053514458031282,False,False,True,False,True,False,False
6,6,174226,21,111774.0,63835192.0,0.0,0.9997954733182286,0.00020447968575076895,False,False,False,False,True,False,True
6,7,144050,13,144050.0,3929371.0,0.0,0.6081953065770578,0.3918046934229423,False,False,False,False,True,False,False
6,3,60592,11,60384.0,5049446.5,0.0,0.9483047300332819,0.051695170945964077,False,False,True,False,True,False,False
6,6,1380959,11,1000730.0,74130576.0,0.0,0.9140701402347123,0.08592972486818394,False,False,True,False,True,False,True
6,1,107930,16,107704.0,7221482.5,0.0,0.8496999058018904,0.15029988648452725,False,False,False,False,True,False,False
6,1,99084,13,99084.0,1618110.375,0.0,0.49136821089846855,0.5086315573497265,False,False,False,False,True,False,False
12,1,72719,20,72719.0,2581741.75,0.0,0.792269404947261,0.20773069188659168,False,False,False,False,False,False,False
10,4,76624,11,76624.0,2773647.5,0.0,0.8900002613886588,0.10999955834330065,False,False,True,False,False,False,False
5,6,55123,11,53281.0,8570571.0,0.0,0.9999998833216597,0.0,False,False,True,False,False,False,False
4,5,89191,15,89131.0,19248732.0,0.0,0.6130442254585913,0.38695572258993477,False,False,False,False,False,True,True
12,5,121885,11,119083.0,8381834.5,0.0,0.9999998210415632,0.0,False,False,True,False,False,False,False
6,1,56572,16,56576.0,2409429.0,0.0,0.5458077411702109,0.45419225882978914,False,False,False,False,True,False,False
10,0,225982,15,200184.0,20560622.0,0.38012775099897267,0.6198721517277055,0.0,False,False,False,False,False,False,True
1,11,312512,11,303312.0,25747022.0,0.0,0.995034066464075,0.004965817017595278,False,False,True,True,False,False,True
1,42,1592914,11,914832.0,56498868.0,0.017458813289852108,0.975664220387566,0.0068768103460055165,False,False,True,True,False,False,True
1,6,97720,11,51881.0,2478025.25,0.0,0.9999998991132153,0.0,False,False,True,True,False,False,False
10,10,215923,15,197408.0,17254810.0,0.05761606836006888,0.9423838338411145,0.0,False,False,False,False,False,False,True
11,7,94500,15,113739.0,5792926.0,0.0,0.9999998273756647,0.0,False,False,False,False,False,False,False
12,1,94713,16,109758.0,5417598.0,0.0,0.772095124075282,0.22790487592471792,False,False,False,False,False,False,False
10,9,201560,15,201365.0,14751117.0,0.0,0.9596200748729741,0.04037978954407317,False,False,False,False,False,False,True
10,19,163504,15,170727.0,15067340.0,0.23852519754648133,0.7614746863082668,0.0,False,False,False,False,False,False,True
1,6,205521,11,114919.0,8138616.5,0.2541791654638107,0.5315396050422083,0.21428113734072615,False,False,True,True,False,False,True
1,6,56700,11,46000.0,3065954.5,0.0,0.9999998369186497,0.0,False,False,True,True,False,False,False
6,4,72000,11,72000.0,2729167.75,0.0,0.9646131132833443,0.035386611907604434,False,False,True,False,True,False,False
7,4,96254,11,103000.0,5101504.5,0.0,0.9999999019896973,0.0,False,False,True,False,False,False,False
12,3,57236,32,50000.0,9029489.0,0.0,0.40653042492216335,0.5934694643295982,False,False,False,False,False,False,False
2,1,102133,28,107427.0,20725996.0,0.0,0.5962056540008982,0.4037942495019298,False,False,False,False,False,False,True
1,14,362046,11,232443.0,15725581.0,0.0,0.98991261435746,0.010087194870574257,False,False,True,True,False,False,True
1,23,538933,11,366554.0,16020642.0,0.0,0.9999998751610578,0.0,False,False,True,True,False,False,True
1,6,78852,21,197040.0,5233553.5,0.0,0.999999904462618,0.0,False,False,False,True,False,False,True
7,5,98668,11,98668.0,4391348.0,0.0,1.0,0.0,False,False,True,False,False,False,False
7,1,105100,11,105100.0,22078064.0,0.0,0.7997850717345506,0.20021488297162288,False,False,True,False,False,False,True
7,1,57176,26,39500.0,12525174.0,0.0,0.0,0.0,False,False,False,False,False,False,False
7,1,50660,16,50660.0,2661488.0,0.0,0.6567656889679758,0.3432343110320242,False,False,False,False,False,False,False
7,2,61929,11,39879.0,2203026.5,0.0,0.6028316046130175,0.39716816842648056,False,False,True,False,False,False,False
7,4,110111,11,104667.0,25478086.0,0.0,0.9999998822517515,0.0,False,False,True,False,False,False,True
7,4,87051,11,82273.0,27137190.0,0.0,0.9999998894506027,0.0,False,False,True,False,False,False,True
1,3,20565,11,20565.0,802312.5,0.0,0.9999993768014334,0.0,False,False,True,True,False,False,False
7,5,103966,11,106449.0,7857972.5,0.0,0.9999999363703551,0.0,False,False,True,False,False,False,False
7,5,137201,11,133451.0,14856199.0,0.0,0.9999999326880314,0.0,False,False,True,False,False,False,True
7,5,129362,11,109978.0,5514308.5,0.0,0.692250170624295,0.3077497387025046,False,False,True,False,False,False,True
1,7,197203,11,178625.0,12729858.0,0.0,0.9999998428890566,0.0,False,False,True,True,False,False,True
1,3,187130,11,171783.0,10053489.0,0.0,0.9999999005320441,0.0,False,False,True,True,False,False,False
1,5,133177,11,126218.0,17186624.0,0.0,0.9999999418152163,0.0,False,False,True,True,False,False,True
1,5,154330,13,95330.0,1262235.25,0.0,0.999999801938664,0.0,False,False,False,True,False,False,False
1,6,93555,11,64055.0,4515180.5,0.05897039996518411,0.9410294892972717,0.0,False,False,True,True,False,False,False
1,6,167860,11,110370.0,6797647.0,0.0,0.9999998528902722,0.0,False,False,True,True,False,False,False
1,6,112560,11,80400.0,4946798.5,0.0,0.7224915265903796,0.27750837233414705,False,False,True,True,False,False,False
1,6,86204,7,67670.0,3241917.0,0.0,0.6896842207866518,0.31031577921334813,False,False,False,True,False,False,False
6,2,145158,13,101633.0,8384523.0,0.0,0.8422826200130884,0.1577173799869116,False,False,False,False,True,False,False
6,2,112896,11,110746.0,10287986.0,0.0,0.819323529406047,0.18067647059395298,False,False,True,False,True,False,False
6,1,110613,20,99551.0,1015060.188,0.0,0.9999998147893079,0.0,False,False,False,False,True,False,False
6,4,149881,13,119593.0,2417401.25,0.0,0.2916598971726353,0.7083399994105241,False,False,False,False,True,False,False
6,3,98220,13,129420.0,6468090.0,0.0,0.8988110864258227,0.10118875896903104,False,False,False,False,True,False,False
6,1,84420,20,44300.0,2848317.25,0.0,0.9999999122288783,0.0,False,False,False,False,True,False,False
6,1,73335,20,73335.0,5197118.0,0.0,0.501593190687608,0.498406809312392,False,False,False,False,True,False,False
6,2,56876,20,48400.0,1791715.625,0.0,0.5644216001074389,0.4355780510648837,False,False,False,False,True,False,False
6,2,61200,13,61200.0,4912143.0,0.0,0.3629580816356527,0.6370419183643473,False,False,False,False,True,False,False
6,1,111908,20,109090.0,1555420.25,0.0,0.6753853178907758,0.324614521380958,False,False,False,False,True,False,False
6,2,63644,33,65700.0,6858533.5,0.0,0.6186032334754944,0.3813966936226236,False,False,False,False,True,False,False
9,1,106345,26,168735.0,16865978.0,0.0,0.7738549166849381,0.22614496473314502,False,False,False,False,False,False,True
8,4,71037,11,70074.0,4817062.0,0.0,1.0,0.0,False,False,True,False,False,False,False
7,3,56259,13,31582.0,2346571.5,0.0,0.34846455776011936,0.6515352291630577,False,False,False,False,False,False,False
5,6,143439,7,119570.0,25631512.0,0.0,0.5501341863874437,0.4498658136125563,False,False,False,False,False,False,True
4,4,113768,11,105206.0,8873485.0,0.0,0.9999998873047061,0.0,False,False,True,False,False,True,True
4,2,51374,11,77174.0,5481549.0,0.0,0.9999998175698147,0.0,False,False,True,False,False,True,False
7,5,110524,11,98781.0,6859198.0,0.0,0.9999998542103611,0.0,False,False,True,False,False,False,False
4,5,183574,21,97500.0,21042926.0,0.0,0.8272377139947172,0.17276214343955779,False,False,False,False,False,True,True
4,4,97366,25,97365.0,36436388.0,0.0,0.46418390867942233,0.5358160638754862,False,True,False,False,False,True,True
7,7,157186,11,163082.0,8655604.0,0.0,0.9806816485597076,0.01931812037611702,False,False,True,False,False,False,True
7,5,84210,11,89075.0,4750799.0,0.0,0.8544404846426885,0.14555930486640248,False,False,True,False,False,False,False
1,3,76893,11,90345.0,12029600.0,0.0,0.6824216931568797,0.31757822371483674,False,False,True,True,False,False,False
1,8,126370,11,126648.0,9343428.0,0.0,0.8728855191049795,0.12711437386792085,False,False,True,True,False,False,False
1,7,274362,11,274362.0,16540550.0,0.0,0.9574079459268283,0.04259193315820816,False,False,True,True,False,False,True
1,15,261722,11,270237.0,17750994.0,0.0,0.8497164722155841,0.15028341511466908,False,False,True,True,False,False,True
1,11,169020,11,156414.0,11480494.0,0.25151925082666304,0.6279777682040512,0.1205028285368208,False,False,True,True,False,False,False
1,76,1632820,11,1680937.0,92937640.0,0.0,0.9452775215725298,0.05472231702892391,False,False,True,True,False,False,True
1,19,293737,11,312442.0,15878689.0,0.0,0.9999998740450172,0.0,False,False,True,True,False,False,True
1,18,335064,15,281598.0,22104512.0,0.27551784450161126,0.7239400263620387,0.0005420160372687712,False,False,False,True,False,False,True
1,4,78920,16,78920.0,8303666.5,0.0,0.864358654095754,0.13564128568988168,False,False,False,True,False,False,False
1,7,43983,11,120248.0,5177270.5,0.0,0.94086758650142,0.2735111097633396,False,False,True,True,False,False,False
1,0,947987,14,561684.0,46510960.0,0.0,0.9999998709981476,0.0,False,False,False,True,False,False,True
10,4,55520,11,17120.0,3686962.25,0.0,0.2641488938488589,0.7358510383446427,False,False,True,False,False,False,False
1,10,132998,11,138257.0,3775187.5,0.4054581726073208,0.5945418605036173,0.0,False,False,True,True,False,False,False
1,3,83118,16,45000.0,2443141.5,0.0,0.9043352585185918,0.0956645368268682,False,False,False,True,False,False,False
1,3,77555,16,73563.0,7802205.5,0.0,0.9999803260757487,1.960983980747495e-05,False,False,False,True,False,False,False
1,6,51218,11,44913.0,2886141.5,0.0,0.9999998267583208,0.0,False,False,True,True,False,False,False
1,29,489182,11,371450.0,36378588.0,0.0,0.897061810095543,0.1029380799496671,False,False,True,True,False,False,True
1,27,203251,11,182604.0,16246106.0,0.4563484936020976,0.5358066726882121,0.007844772156478604,False,False,True,True,False,False,True
1,13,189175,11,151740.0,19036416.0,0.0,0.9999998424073103,0.0,False,False,True,True,False,False,True
1,13,219322,11,145491.0,17074142.0,0.0,0.9999998242957099,0.0,False,False,True,True,False,False,True
1,7,122356,11,95942.0,4585070.5,0.0,0.9534891557283579,0.04651073522206474,False,False,True,True,False,False,False
1,3,52298,11,50250.0,1968655.125,0.0,0.9999999365048766,0.0,False,False,True,True,False,False,False
1,17,116640,11,82053.0,6758565.5,0.2569555070524951,0.743044363482162,0.0,False,False,True,True,False,False,False
1,42,1047934,11,983697.0,37980712.0,0.0,0.9999998156959248,0.0,False,False,True,True,False,False,True
10,5,89025,15,81873.0,8523594.0,0.0,0.9237419098094067,0.0762580901905933,False,False,False,False,False,False,False
11,2,60122,9,60122.0,690529.5,0.0,0.8588032806708475,0.1411959952471256,False,False,False,False,False,False,False
1,6,81300,11,84481.0,4052720.0,0.0,0.9830020332023924,0.016997966797607532,False,False,True,True,False,False,False
1,9,224857,11,204993.0,15272491.0,0.26501773679224955,0.7349821322533436,0.0,False,False,True,True,False,False,True
1,8,321473,11,343400.0,13568148.0,0.0,0.9999998525959475,0.0,False,False,True,True,False,False,True
6,2,58492,7,58500.0,1594422.5,0.0,0.4501981124827328,0.549801573924101,False,False,False,False,True,False,False
6,6,62370,11,49473.0,4353025.0,0.0,0.999999770274694,0.0,False,False,True,False,True,False,False
6,1,73296,13,77800.0,2356376.75,0.0,0.47427772320364303,0.5257223828914456,False,False,False,False,True,False,False
6,4,99122,7,50036.0,14469228.0,0.0,0.8822950332941053,0.11770482848151954,False,False,False,False,True,False,True
6,1,66133,7,60787.0,6345009.5,0.0,0.8438789571552257,0.15612096404268583,False,False,False,False,True,False,False
6,2,115668,13,101752.0,3534690.75,0.0,0.4690466910011859,0.5309530968161783,False,False,False,False,True,False,False
6,1,141686,7,152511.0,6673138.0,0.0,0.9999998501454638,0.0,False,False,False,False,True,False,False
6,1,93610,11,101278.0,6235947.0,0.0,0.6218394736196443,0.3781605263803557,False,False,True,False,True,False,False
6,2,156188,11,141917.0,6843855.0,0.0,0.9581560392498087,0.041843814633711555,False,False,True,False,True,False,False
6,1,115620,13,56900.0,1951856.25,0.0,0.9999998719167972,0.0,False,False,False,False,True,False,False
6,5,238148,11,245240.0,10775646.0,0.0,0.9999999071981392,0.0,False,False,True,False,True,False,True
6,1,71718,20,71718.0,151754.2969,0.0,0.9999980435479848,0.0,False,False,False,False,True,False,False
6,1,55450,13,34206.0,4345698.0,0.0,0.49455737605328304,0.5054426239467169,False,False,False,False,True,False,False
6,1,54880,20,55000.0,2763597.0,0.0,0.44897573705572846,0.5510242629442715,False,False,False,False,True,False,False
12,1,102500,16,99471.0,7305474.0,0.0,0.6807050439163838,0.31929481919995883,False,False,False,False,False,False,False
5,6,88498,21,232685.0,8915523.0,0.0,0.8595776153569454,0.14042227247913555,False,False,False,False,False,False,True
6,1,50785,26,27382.0,7439009.0,0.0,0.5817071870729018,0.41829281292709825,False,False,False,False,True,False,False
12,3,85126,11,81526.0,37951708.0,0.0,0.4903614614657132,0.018052731645173913,False,False,True,False,False,False,True
3,5,283435,21,321828.0,11077140.0,0.0,0.9571199786226409,0.042879931101349265,False,False,False,False,False,False,True
6,1,411584,20,288048.0,15091579.0,0.0,0.49709139116589457,0.5029086088341054,False,False,False,False,True,False,True
1,4,73320,13,27283.0,1141189.75,0.0,0.5973432551422758,0.40265696392733985,False,False,False,True,False,False,False
7,4,142510,11,149081.0,9683979.0,0.0,0.9999998967366617,0.0,False,False,True,False,False,False,True
1,6,79920,11,95760.0,5392617.5,0.0,0.851879259005483,0.14812064827516508,False,False,True,True,False,False,False
6,1,179413,13,178087.0,3459543.0,0.0,0.9999997109444803,0.0,False,False,False,False,True,False,False
6,1,65288,13,60000.0,605971.1875,0.0,0.9999996905793479,0.0,False,False,False,False,True,False,False
12,1,170632,13,164806.0,602245.0,0.0,1.0,0.0,False,False,False,False,False,False,False
7,10,381511,11,220033.0,11410228.0,0.0,0.9495169596961603,0.05048295266317202,False,False,True,False,False,False,True
1,17,275166,11,295494.0,13631141.0,0.0,0.9999999266385697,0.0,False,False,True,True,False,False,True
5,2,93803,16,85572.0,5453438.5,0.0,0.7122726331286215,0.2877272751861051,False,False,False,False,False,False,False
6,2,123000,13,112484.0,3004271.0,0.0,1.0,0.0,False,False,False,False,True,False,False
10,5,162150,15,177748.0,9941308.0,0.0,0.9999998994096149,0.0,False,False,False,False,False,False,True
6,1,60448,13,52702.0,1052244.75,0.0,0.5900271776124328,0.40997305997487754,False,False,False,False,True,False,False
7,4,62600,7,215197.0,11147342.0,0.0,0.3616223490765781,0.6383775612159382,False,False,False,False,False,False,False
10,4,55800,7,26400.0,2655387.5,0.0,0.9809427061022167,0.0190571056013482,False,False,False,False,False,False,False
10,5,130262,15,146150.0,12731388.0,0.0,0.9238230741220046,0.07617684733196411,False,False,False,False,False,False,True
3,5,90266,19,87552.0,7771933.5,0.0,0.9999999356659447,0.0,False,False,False,False,False,False,False
8,4,80874,13,87332.0,1165598.875,0.0,0.8816489291824342,0.11835117805857526,False,False,False,False,False,False,False
7,5,141718,2,134197.0,19085174.0,0.0,0.7635853359262011,0.236414611677106,False,False,False,False,False,False,True
10,4,132828,13,132828.0,1083729.625,0.0,0.9999994232878888,0.0,False,False,False,False,False,False,False
12,1,70400,13,58047.0,13962749.0,0.0,0.710246026767365,0.28975390161350034,False,False,False,False,False,False,True
9,1,101830,16,130767.0,10713006.0,0.0,0.5540335737700511,0.4459663328854665,False,False,False,False,False,False,False
11,4,114000,9,114000.0,7575080.0,0.0,0.8371944586723836,0.1628054093158092,False,False,False,False,False,False,False
6,3,338063,7,180633.0,20675922.0,0.0,0.8790845215995688,0.12091528493868375,False,False,False,False,True,False,True
13,1,152365,13,149293.0,1069749.75,0.0,0.8863820720687244,0.11361816163079262,False,False,False,False,False,False,False
11,6,320946,15,236359.0,25471308.0,0.0,0.9895480828860458,0.010451838594233166,False,False,False,False,False,False,True
6,1,74178,16,74178.0,5402181.0,0.0,0.6101839238633433,0.38981589102623554,False,False,False,False,True,False,False
3,4,80360,13,80360.0,686019.1875,0.0,0.6370361178855511,0.3629636087984784,False,False,False,False,False,False,False
13,1,61183,8,62975.0,2424724.25,0.0,0.29710842377231145,0.7028914731231809,False,False,False,False,False,False,False
10,3,119190,26,46280.0,10077532.0,0.0,0.5768681260451468,0.42313177472420826,False,False,False,False,False,False,False
6,2,51856,10,48103.0,1938613.125,0.0,0.9999999355209153,0.0,False,False,False,False,True,False,False
6,3,53552,11,26044.0,7070998.5,0.0,0.9999999292886288,0.0,False,False,True,False,True,False,False
5,3,65434,11,65434.0,17880184.0,0.0,0.9950492679493679,0.004950508339287784,False,False,True,False,False,False,True
5,2,22220,22,22220.0,778355.8125,0.0,0.2673070550237588,0.7326931858686415,False,False,False,False,False,False,False
5,1,46732,8,50956.0,2331952.75,0.0,0.3232029465434066,0.6767971606628822,False,False,False,False,False,False,False
6,1,44700,11,23751.0,2042771.0,0.0,0.8272939061696098,0.17270609383039018,False,False,True,False,True,False,False
6,1,44100,13,40000.0,1618916.375,0.0,0.999999768363576,0.0,False,False,False,False,True,False,False
6,1,27800,20,27800.0,1224186.25,0.0,0.719339071158494,0.28066072462421465,False,False,False,False,True,False,False
6,1,46340,13,46340.0,2564004.0,0.0,1.0,0.0,False,False,False,False,True,False,False
11,3,38460,11,38460.0,1950713.25,0.0,0.7508376743737195,0.24916219746802867,False,False,True,False,False,False,False
9,2,21022,22,21022.0,945245.625,0.0,0.14589012247478003,0.8541092163214191,False,False,False,False,False,False,False
13,2,51489,8,51489.0,1984067.625,0.0,0.37815293720142223,0.6218467477891536,False,False,False,False,False,False,False
6,1,48001,20,48001.0,2143650.75,0.0,0.2769014495481598,0.7230986670753153,False,False,False,False,True,False,False
6,1,26380,13,23620.0,509124.0,0.0,0.9986093761048389,0.0013906238951611003,False,False,False,False,True,False,False
6,1,37351,13,29551.0,2559461.75,0.0,0.49872282717254907,0.5012772705042379,False,False,False,False,True,False,False
6,1,30375,13,30375.0,345866.6875,0.0,1.0000009035273165,0.0,False,False,False,False,True,False,False
6,1,30004,13,24280.0,369291.5,0.0,0.999998646056029,0.0,False,False,False,False,True,False,False
5,3,39971,7,36185.0,10960107.0,0.0,0.32831778010926355,0.6716822198907365,False,False,False,False,False,False,False
8,2,33589,22,33589.0,509836.1875,0.0,0.21894483509960735,0.7810547971352073,False,False,False,False,False,False,False
8,3,43500,11,43495.0,3220635.25,0.0,0.9986837224115956,0.001316199963966736,False,False,True,False,False,False,False
8,2,28492,11,28492.0,1896298.875,0.0,0.7192732211055074,0.2807268448123717,False,False,True,False,False,False,False
8,3,22325,11,18000.0,1401315.875,0.0,1.0000000892018726,0.0,False,False,True,False,False,False,False
8,3,22719,23,22719.0,1358519.0,0.0,1.0,0.0,False,False,False,False,False,False,False
1,2,22588,25,69000.0,7251589.0,0.0,0.9999998620991896,0.0,False,True,False,True,False,False,False
11,2,37327,8,48887.0,1967476.375,0.0,0.36826871682258444,0.6317310925779223,False,False,False,False,False,False,False
1,2,147545,16,147545.0,6787070.0,0.0,0.6090271648885307,0.39097268777248506,False,False,False,True,False,False,False
3,2,21462,7,25778.0,1114384.625,0.0,0.9999994391523483,0.0,False,False,False,False,False,False,False
9,2,47602,8,46066.0,2249592.5,0.0,0.34576751122703336,0.6542322665104903,False,False,False,False,False,False,False
9,2,28072,5,23835.0,1362523.0,0.0,0.14123504704140774,0.8587649529585922,False,False,False,False,False,False,False
1,2,31020,23,31020.0,4970047.0,0.0,0.24579264542166301,0.7542071533729963,False,False,False,True,False,False,False
1,5,48505,11,37993.0,4322873.0,0.0,0.44315412458335,0.55684587541665,False,False,True,True,False,False,False
1,3,64630,11,64630.0,1408291.375,0.0,0.9999997337198774,0.0,False,False,True,True,False,False,False
1,2,20920,22,20920.0,1042108.5,0.0,0.2735290998969877,0.7264713798995018,False,False,False,True,False,False,False
13,2,22128,22,22128.0,608359.6875,0.0,0.251998945936075,0.7480015677403017,False,False,False,False,False,False,False
9,1,48139,16,40000.0,859236.625,0.0,0.5451373770292904,0.4548618955808593,False,False,False,False,False,False,False
13,2,21364,22,15364.0,965651.125,0.0,0.16799027702680924,0.8320095935268548,False,False,False,False,False,False,False
1,2,28923,9,28800.0,439311.9063,0.0,0.3978221338728147,0.6021780794152813,False,False,False,True,False,False,False
1,3,21600,9,21600.0,323739.4063,0.0,0.7275790200891588,0.27241972488907973,False,False,False,True,False,False,False
5,1,25735,16,25691.0,1169394.875,0.0,0.8155457325738664,0.18445437431902548,False,False,False,False,False,False,False
5,2,25862,16,25562.0,4801472.0,0.0,0.45517770383748984,0.5448222961625102,False,False,False,False,False,False,False
5,2,49965,16,47465.0,3377209.75,0.0,0.9615026132149477,0.03849716470823288,False,False,False,False,False,False,False
1,2,20028,11,20028.0,511797.4063,0.29648938844182654,0.7035107946384292,0.0,False,False,True,True,False,False,False
1,7,23622,11,26195.0,552007.5,0.0,0.7605838688785931,0.23941522533661228,False,False,True,True,False,False,False
1,3,23563,11,20183.0,883197.6875,0.0,1.0000003538279192,0.0,False,False,True,True,False,False,False
1,3,28600,11,12000.0,1062722.625,0.0,0.6565861905875957,0.3434141622796447,False,False,True,True,False,False,False
1,2,26160,16,15549.0,2186018.5,0.0,0.9999997712736649,0.0,False,False,False,True,False,False,False
1,5,26840,11,29040.0,1989287.0,0.0,1.0,0.0,False,False,True,True,False,False,False
1,2,46800,16,36019.0,1245187.5,0.0,0.9999995984540481,0.0,False,False,False,True,False,False,False
1,3,37350,11,39000.0,2067352.5,0.0,0.9977108403138797,0.0022889178308972465,False,False,True,True,False,False,False
1,3,28800,11,21600.0,1345025.75,0.0,0.6869043213484947,0.31309586452155286,False,False,True,True,False,False,False
1,3,28584,11,26556.0,1696978.75,0.0,0.3793058693280632,0.6206942779925795,False,False,True,True,False,False,False
1,2,26270,16,26270.0,1560461.75,0.0,0.6819135425780222,0.31808597679500955,False,False,False,True,False,False,False
1,3,49800,11,49800.0,2385395.0,0.0,1.0,0.0,False,False,True,True,False,False,False
1,2,22616,7,12960.0,418348.5,0.0,0.9999988048242076,0.0,False,False,False,True,False,False,False
1,2,31890,19,31160.0,1858224.625,0.0,0.9999996636574547,0.0,False,False,False,True,False,False,False
1,2,30438,11,25920.0,1441900.5,0.31245034764881485,0.6875495223144732,0.0,False,False,True,True,False,False,False
1,3,22381,23,22381.0,3532966.5,0.0,0.3733531014234072,0.6266467570524656,False,False,False,True,False,False,False
1,4,49249,25,40584.0,33268410.0,0.0,0.32627796158578065,0.6737220384142194,False,True,False,True,False,False,True
1,1,23562,16,13940.0,439521.0938,0.0,0.6018345961806487,0.39816519040524834,False,False,False,True,False,False,False
1,4,26670,15,26670.0,1553208.375,0.0,0.9999785122199074,2.1246344361232278e-05,False,False,False,True,False,False,False
1,2,37740,34,38939.0,3095882.0,0.0,0.5489104558894686,0.45108954411053137,False,False,False,True,False,False,False
1,1,23752,11,14317.0,1067153.75,0.0,0.5351225163196962,0.4648777179483275,False,False,True,True,False,False,False
1,2,10925,5,8969.0,2547848.0,0.0,0.8908239424015876,0.10917605759841247,False,False,False,True,False,False,False
7,1,35805,8,35805.0,431471.6875,0.0,0.5715971804059565,0.42840354385941026,False,False,False,False,False,False,False
9,2,45991,22,45991.0,1145535.75,0.0,0.46181797469000857,0.5381822435484881,False,False,False,False,False,False,False
5,2,20384,11,25021.0,1791071.375,0.0,0.9827179556146945,0.01728239333845643,False,False,True,False,False,False,False
5,2,39265,16,31905.0,5238803.0,0.0,0.9561537244290347,0.04384608468766625,False,False,False,False,False,False,False
5,2,54284,16,52784.0,6778694.0,0.0,0.9477046758564408,0.05229517662251755,False,False,False,False,False,False,False
5,1,23409,16,21909.0,2545405.0,0.0,0.9091543388969535,0.09084566110304647,False,False,False,False,False,False,False
5,1,63153,16,59396.0,4644178.0,0.0,0.92867219990276,0.07132758477388249,False,False,False,False,False,False,False
1,3,33600,23,19200.0,4475650.0,0.0,0.6571816384212349,0.3428183615787651,False,False,False,True,False,False,False
1,4,32356,19,25876.0,1857154.75,0.4752596343950336,0.5247403319513357,0.0,False,False,False,True,False,False,False
1,5,32256,11,32569.0,3460275.5,0.0,0.5300439228032565,0.4699559326995784,False,False,True,True,False,False,False
9,2,23931,22,23931.0,496477.3125,0.0,0.3365209160489081,0.6634784545164891,False,False,False,False,False,False,False
9,2,21393,22,21393.0,845961.375,0.0,0.3148595288998862,0.6851400278174639,False,False,False,False,False,False,False
2,2,47560,20,23146.0,1132489.625,0.0,0.5150563741367609,0.48494395699210047,False,False,False,False,False,False,False
1,3,28800,9,28800.0,717056.375,0.0,0.8958096216632897,0.10418985536527724,False,False,False,True,False,False,False
1,2,21600,8,21600.0,1261536.75,0.0,0.48331846059974076,0.5166817375712598,False,False,False,True,False,False,False
1,3,22860,8,22860.0,931148.625,0.0,0.9999993287859926,0.0,False,False,False,True,False,False,False
5,1,26366,22,26386.0,888031.875,0.0,0.364628803442444,0.6353713373182691,False,False,False,False,False,False,False
2,2,21732,22,21732.0,860364.1875,0.0,0.5569257844080127,0.44307399766101957,False,False,False,False,False,False,False
8,1,21060,13,10495.0,350264.5938,0.0,0.7370941984145245,0.26290696128019553,False,False,False,False,False,False,False
5,1,38624,8,41408.0,1424157.25,0.0,0.5608959263452122,0.43910319594272335,False,False,False,False,False,False,False
5,3,32960,16,32960.0,813641.0,0.0,1.0,0.0,False,False,False,False,False,False,False
5,2,47992,22,37800.0,3040195.5,0.0,0.30722629515108485,0.6927738693120229,False,False,False,False,False,False,False
5,2,31386,22,30000.0,1128179.125,0.0,0.6297563784474385,0.37024351075455325,False,False,False,False,False,False,False
4,2,57619,11,55000.0,2641681.75,0.0,0.986367491087827,0.013632225002122227,False,False,True,False,False,True,False
6,1,55206,8,55206.0,2345752.5,0.0,0.5797056594845365,0.42029412736424665,False,False,False,False,True,False,False
8,2,38784,13,16826.0,1841154.25,0.0,0.8437174669096845,0.15628239730592916,False,False,False,False,False,False,False
6,2,41790,5,21790.0,2177075.0,0.0,0.818869354523845,0.18113064547615493,False,False,False,False,True,False,False
1,5,39960,11,37120.0,2178690.5,0.0,0.6538891136671316,0.3461106568372148,False,False,True,True,False,False,False
1,5,33300,13,24000.0,90558.70313,0.0,1.000003278205073,0.0,False,False,False,True,False,False,False
1,3,32360,5,39320.0,3042875.5,0.3829718797236364,0.31475523727474225,0.3022729651607501,False,False,False,True,False,False,False
1,5,41536,35,41536.0,2735166.0,0.0,1.0,0.0,False,False,False,True,False,False,False
13,2,33462,8,57896.0,3987215.5,0.0,0.14419586801867118,0.8558042573821254,False,False,False,False,False,False,False
13,3,49744,8,49744.0,2096835.5,0.0,0.22812900678188633,0.7718707547635473,False,False,False,False,False,False,False
13,2,37816,22,19407.0,1411305.5,0.0,0.48379461427734816,0.5162050314407476,False,False,False,False,False,False,False
13,2,23315,11,7758.0,1354000.625,0.0,0.5901245429631911,0.40987499544174877,False,False,True,False,False,False,False
13,2,20700,13,6900.0,4265815.0,0.0,0.19250975487685237,0.8074902451231476,False,False,False,False,False,False,False
13,1,28397,32,26241.0,3343550.0,0.0,0.5014807614661064,0.4985192385338936,False,False,False,False,False,False,False
13,2,25762,26,25762.0,1906384.875,0.0,1.0000000655691312,0.0,False,False,False,False,False,False,False
13,1,33334,4,50000.0,6118300.5,0.0,0.40611048770814706,0.5938894305698127,False,False,False,False,False,False,False
13,3,43387,11,45000.0,2686765.0,0.0,0.8756232867407459,0.12437671325925416,False,False,True,False,False,False,False
3,1,39350,26,19271.0,267135.0938,0.0,0.9999996488668013,0.0,False,False,False,False,False,False,False
3,1,22405,7,11000.0,3498214.75,0.0,0.3173272881546223,0.6826727833104014,False,False,False,False,False,False,False
3,1,32590,7,32590.0,1361794.25,0.0,0.46462378586192443,0.5353760305567453,False,False,False,False,False,False,False
6,1,37500,13,61419.0,1811506.375,0.0,0.9935918663272714,0.006407926662692534,False,False,False,False,True,False,False
11,2,39000,15,39000.0,2615247.75,0.0,0.8699649966241249,0.13003471659616186,False,False,False,False,False,False,False
13,1,22180,14,14000.0,5089083.0,0.0,0.5250291653722291,0.47497083462777084,False,False,False,False,False,False,False
6,1,51704,8,51704.0,1799402.75,0.0,0.6490181255975073,0.35098145759752786,False,False,False,False,True,False,False
6,1,25920,20,19277.0,1219744.75,0.0,0.9292772114821564,0.07072299347875857,False,False,False,False,True,False,False
6,1,25480,30,25480.0,741287.1875,0.0,0.9999997470615934,0.0,False,False,False,False,True,False,False
6,2,31000,13,31000.0,2301043.75,0.0,0.9633958502527386,0.036603823808217466,False,False,False,False,True,False,False
6,1,29740,11,17804.0,1467060.25,0.0,0.8583117155549679,0.1416881140362163,False,False,True,False,True,False,False
6,1,23236,20,20736.0,433871.0,0.0,0.5008262824664474,0.4991737175335526,False,False,False,False,True,False,False
2,3,38075,11,29035.0,1921801.25,0.0,0.9363153447839624,0.06368452512974482,False,False,True,False,False,False,False
2,2,39170,11,35500.0,2130673.75,0.0,0.5096204897629212,0.4903796275708564,False,False,True,False,False,False,False
2,1,36070,32,66597.0,1441665.375,0.0,0.99999973988416,0.0,False,False,False,False,False,False,False
2,2,20047,27,20047.0,117438.3984,0.0,0.9999966075831633,0.0,False,False,False,False,False,False,False
6,1,20000,16,20000.0,557863.6875,0.0,1.0000005601726856,0.0,False,False,False,False,True,False,False
6,2,32400,13,32700.0,248616.0,0.0,1.0,0.0,False,False,False,False,True,False,False
7,1,25159,26,25883.0,8905287.0,0.0,0.5478639823736169,0.4521359053335395,False,False,False,False,False,False,False
7,1,27247,32,14317.0,2332996.5,0.0,0.37904600371239305,0.6209537819709545,False,False,False,False,False,False,False
6,1,26680,20,33987.0,243518.2031,0.0,0.9999991659761059,0.0,False,False,False,False,True,False,False
12,1,31521,13,31521.0,1788148.0,0.0,0.40317971443079653,0.5968202855692034,False,False,False,False,False,False,False
6,1,24000,13,20400.0,1257033.5,0.0,0.34700188976666096,0.6529977124714655,False,False,False,False,True,False,False
6,1,21900,12,21900.0,1333637.625,0.0,0.08412105199866418,0.9158792291871639,False,False,False,False,True,False,False
6,1,39900,16,25000.0,145468.7969,0.0,0.33687636829558465,0.66312502788012,False,False,False,False,True,False,False
6,1,38005,13,21560.0,752093.625,0.0,0.8412622830036619,0.15873821560447346,False,False,False,False,True,False,False
6,1,35579,20,35579.0,1096646.25,0.0,0.37938122708211514,0.6206185449501149,False,False,False,False,True,False,False
6,1,49950,20,49950.0,238969.7031,0.0,1.0000012424169096,0.0,False,False,False,False,True,False,False
10,3,62078,8,62078.0,1955013.5,0.0,0.5891289241736694,0.41087082007362097,False,False,False,False,False,False,False
7,2,22612,22,22612.0,731321.8125,0.0,0.21457038107967005,0.7854298753054081,False,False,False,False,False,False,False
3,2,38787,10,38787.0,3204685.5,0.0,0.6944278931583145,0.3055719508201351,False,False,False,False,False,False,False
3,2,50368,12,50369.0,753275.1875,0.0,0.3288200701553043,0.6711796809316781,False,False,False,False,False,False,False
6,1,30545,13,23545.0,1577040.875,0.0,0.30549683755026324,0.6945032417121084,False,False,False,False,True,False,False
7,3,32691,8,33550.0,971990.3125,0.0,0.48609640849686964,0.5139032699978684,False,False,False,False,False,False,False
7,2,24227,22,26210.0,1086678.125,0.0,0.20189326991375667,0.7981066150567814,False,False,False,False,False,False,False
6,1,27000,20,27000.0,651293.3125,0.0,0.5237885810473449,0.4762109391381168,False,False,False,False,True,False,False
4,3,95501,8,95501.0,3009967.0,0.0,0.6978920366901032,0.30210796330989675,False,False,False,False,False,True,False
4,2,21183,11,13945.0,361542.0938,0.0,0.9999997405557981,0.0,False,False,True,False,False,True,False
4,3,25558,11,29392.0,755618.1875,0.0,0.9738900044673686,0.026109747391436365,False,False,True,False,False,True,False
4,5,82234,11,77796.0,4704936.5,0.0,0.9999998937286401,0.0,False,False,True,False,False,True,False
4,5,126842,11,101941.0,4489661.0,0.0,0.8021703643103566,0.19774945146192552,False,False,True,False,False,True,True
4,2,20500,11,20500.0,1326178.125,0.0,0.9669387360766488,0.033061169667536174,False,False,True,False,False,True,False
5,2,25521,22,25521.0,605186.3125,0.0,0.5971450320929061,0.40285445153718674,False,False,False,False,False,False,False
5,1,23190,8,23190.0,1705515.25,0.0,0.2851431554188683,0.7148566979978631,False,False,False,False,False,False,False
9,1,20678,11,23100.0,770333.0,0.0,0.23303817959246195,0.766961820407538,False,False,True,False,False,False,False
9,3,28820,8,33780.0,2595783.5,0.0,0.262254922261429,0.7377448851185008,False,False,False,False,False,False,False
2,2,27876,22,44816.0,1829981.375,0.0,0.3342006691188319,0.6657991259610497,False,False,False,False,False,False,False
7,1,48789,8,48789.0,1298307.625,0.0,0.6601994654387091,0.33980005316536593,False,False,False,False,False,False,False
2,1,33105,8,33105.0,1725336.25,0.0,0.27461719418461183,0.7253832405132623,False,False,False,False,False,False,False
6,1,22320,13,22320.0,439065.9063,0.0,1.0000002134075971,0.0,False,False,False,False,True,False,False
6,1,47105,31,45320.0,10234721.0,0.0,0.4136751749266052,0.5863248250733948,False,False,False,False,True,False,False
6,2,40029,11,31800.0,1471914.25,0.0,0.9999998301531492,0.0,False,False,True,False,True,False,False
6,2,28304,11,27185.0,1269367.5,0.0,0.9999996061030395,0.0,False,False,True,False,True,False,False
6,1,26400,32,20560.0,452612.5,0.0,0.9999988953022729,0.0,False,False,False,False,True,False,False
6,1,27680,13,25000.0,1778431.75,0.0,0.3612283687580364,0.6387717718152524,False,False,False,False,True,False,False
6,2,25872,11,23272.0,1787119.0,0.0,0.5957773377150598,0.4042226622849402,False,False,True,False,True,False,False
6,2,25872,11,24988.0,2399353.5,0.0,0.4107177204192713,0.5892820711912605,False,False,True,False,True,False,False
6,1,20500,13,21386.0,222600.0938,0.0,0.9999995786165298,0.0,False,False,False,False,True,False,False
4,2,21436,11,21436.0,534703.6875,0.0,1.0000005844358424,0.0,False,False,True,False,False,True,False
5,1,20233,11,7245.0,630250.125,0.0,0.5267226246087615,0.4732771770572834,False,False,True,False,False,False,False
4,4,27526,11,24335.0,1010967.688,0.0,0.840436356260676,0.15956395235452867,False,False,True,False,False,True,False
4,3,23307,11,26295.0,1126157.25,0.0,0.6104582641544953,0.38954151385164015,False,False,True,False,False,True,False
1,6,46580,12,46580.0,710275.375,0.0,0.999999472035758,0.0,False,False,False,True,False,False,False
1,2,25920,16,25920.0,478690.0938,0.0,0.9999998040485876,0.0,False,False,False,True,False,False,False
1,2,25920,16,38880.0,1011667.5,0.0,0.8574437747580109,0.1425557310084588,False,False,False,True,False,False,False
1,2,25920,11,23995.0,1793851.375,0.0,0.5895371348699388,0.4104626560826423,False,False,True,True,False,False,False
10,4,39760,11,39760.0,2478960.0,0.701754263884855,0.20662898957627393,0.09161664569012812,False,False,True,False,False,False,False
10,3,30971,7,30971.0,2823184.0,0.08181871847531014,0.4656345459594557,0.4525464865201843,False,False,False,False,False,False,False
10,3,22667,11,22667.0,3767135.0,0.43516926656464394,0.5235525140458199,0.04127831893468113,False,False,True,False,False,False,False
4,2,33840,13,18740.0,2227638.25,0.0,0.5587491595639462,0.4412507282095735,False,False,False,False,False,True,False
4,5,27730,11,15908.0,1291405.25,0.0,0.9999998064124332,0.0,False,False,True,False,False,True,False
4,3,27480,16,22218.0,1215156.25,0.0,0.9999997942651409,0.0,False,False,False,False,False,True,False
4,1,46958,11,40313.0,1818867.875,0.0,0.7898033825024261,0.21019668622164214,False,False,True,False,False,True,False
4,1,26532,20,26532.0,1934224.25,0.0,0.40563290425089027,0.5943669664983261,False,False,False,False,False,True,False
4,1,30730,7,30730.0,3050455.25,0.0,0.6287592647031948,0.371240653341825,False,False,False,False,False,True,False
4,2,35600,11,36839.0,2173143.75,0.0,0.9682300123956366,0.0317696424822334,False,False,True,False,False,True,False
7,3,62000,22,57200.0,1799664.125,0.0,0.15945475381413185,0.8405451767284632,False,False,False,False,False,False,False
7,2,23600,11,23600.0,776248.6875,0.0,1.0000004025771703,0.0,False,False,True,False,False,False,False
7,3,40067,11,40067.0,2303732.75,0.0,0.9999996744414038,0.0,False,False,True,False,False,False,False
7,3,19497,11,26419.0,1074989.0,0.0,1.0,0.0,False,False,True,False,False,False,False
7,3,25262,11,25262.0,1469556.25,0.0,0.7993392563231247,0.20066057355749398,False,False,True,False,False,False,False
4,3,53103,7,38723.0,4877959.0,0.0,0.9817380588889738,0.018261736107253054,False,False,False,False,False,True,False
7,3,34106,11,32739.0,1619177.125,0.0,0.9999999228002928,0.0,False,False,True,False,False,False,False
7,3,34545,11,34545.0,2313978.75,0.0,1.0000001080390215,0.0,False,False,True,False,False,False,False
7,3,70296,11,70296.0,2782066.5,0.0,0.9999998202774808,0.0,False,False,True,False,False,False,False
1,4,27838,11,27838.0,1217509.125,0.0,0.999999897331365,0.0,False,False,True,True,False,False,False
12,2,28368,20,35300.0,1856230.625,0.0,0.8006171108183284,0.19938255247782047,False,False,False,False,False,False,False
9,2,92080,7,92129.0,5155090.5,0.0,0.6167389301894894,0.3832609728190029,False,False,False,False,False,False,False
9,1,20236,32,20236.0,1965182.25,0.0,0.6042309816303297,0.39576889115500613,False,False,False,False,False,False,False
9,2,39815,11,27118.0,2050600.75,0.0,0.7260365041805432,0.27396361773494915,False,False,True,False,False,False,False
9,2,26994,27,16243.0,3076813.25,0.0,0.2865503780575568,0.713449540689543,False,False,False,False,False,False,False
9,1,48112,13,48112.0,1485945.875,0.0,1.0000000841215027,0.0,False,False,False,False,False,False,False
9,1,20909,33,19050.0,1208029.25,0.0,0.5615849119547395,0.43841488109662907,False,False,False,False,False,False,False
9,2,26275,11,26275.0,1772188.5,0.0,0.99999971786297,0.0,False,False,True,False,False,False,False
9,2,45000,32,45000.0,5912066.0,0.0,0.5029828828027292,0.49701694805166247,False,False,False,False,False,False,False
9,1,26115,16,26115.0,1689372.625,0.0,0.6797493832954704,0.32025083868042437,False,False,False,False,False,False,False
5,1,26033,22,30044.0,1149140.25,0.0,0.29615445112117517,0.7038453313248753,False,False,False,False,False,False,False
7,4,48660,8,49468.0,1881516.125,0.0,0.4371522460377532,0.5628476875264622,False,False,False,False,False,False,False
1,2,26400,16,14428.0,983595.875,0.0,0.7738574544143956,0.22614267267031798,False,False,False,True,False,False,False
1,3,38148,11,37853.0,1262255.75,0.0,0.999999405825642,0.0,False,False,True,True,False,False,False
4,2,28800,13,14400.0,456953.0,0.0,0.5455944046761921,0.4544055953238079,False,False,False,False,False,True,False
7,5,31945,22,31945.0,1806468.0,0.0,1.0,0.0,False,False,False,False,False,False,False
7,5,52908,11,52908.0,4480961.0,0.0,0.9999997768335854,0.0,False,False,True,False,False,False,False
1,4,34680,16,34680.0,1169948.875,0.0,0.6624135605925515,0.33758654624972395,False,False,False,True,False,False,False
1,3,40548,22,75058.0,5587347.0,0.0,0.18919659008112438,0.8108034099188757,False,False,False,True,False,False,False
1,3,57720,11,25000.0,24105.5,0.0,0.9999792578457198,0.0,False,False,True,True,False,False,False
1,1,36504,16,16200.0,2100982.75,0.0,0.9369391538317009,0.06306048919249813,False,False,False,True,False,False,False
1,6,35200,11,35200.0,2998208.25,0.0,0.999999916616866,0.0,False,False,True,True,False,False,False
1,5,35840,11,35840.0,1538750.625,0.0,0.4700176807401784,0.529982562964028,False,False,True,True,False,False,False
1,2,25920,36,23230.0,1333432.125,0.0,0.9999999062569458,0.0,False,False,False,True,False,False,False
1,4,30525,11,15609.0,2883139.0,0.2643066506679005,0.7356932842988146,0.0,False,False,True,True,False,False,False
10,3,20411,5,20411.0,2014475.875,0.0,0.3846871583905168,0.6153129036603627,False,False,False,False,False,False,False
10,2,20570,15,21571.0,2946756.25,0.0,0.5218578903497701,0.47814202481118007,False,False,False,False,False,False,False
10,3,73549,11,41632.0,2828950.5,0.0,0.3278887347092146,0.6721114420347758,False,False,True,False,False,False,False
10,5,34380,37,45780.0,10834087.0,0.5051990536904494,0.48970014732205863,0.005100752836856488,False,False,False,False,False,False,False
10,3,39115,15,50000.0,3735308.5,0.0,0.8026967518211682,0.1973031143210795,False,False,False,False,False,False,False
10,3,38038,2,35886.0,1107290.625,0.6159608052312373,0.3840391947687627,0.0,False,False,False,False,False,False,False
10,3,37796,22,53000.0,2465983.5,0.559418889055827,0.35841196828770344,0.08216924403589886,False,False,False,False,False,False,False
8,1,27744,11,18380.0,5355753.0,0.0,0.999999813284892,0.0,False,False,True,False,False,False,False
8,1,36444,13,36444.0,161311.0938,0.0,0.9999994185148845,0.0,False,False,False,False,False,False,False
8,1,27553,13,27553.0,966677.125,0.0,0.44233176615201275,0.5576681045390414,False,False,False,False,False,False,False
8,1,57310,20,57310.0,1253745.5,0.0,0.5482835232509309,0.45171607794404844,False,False,False,False,False,False,False
4,2,25920,11,10109.0,989079.5,0.0,0.7879295850333567,0.2120699094461062,False,False,True,False,False,True,False
4,3,40686,23,40686.0,2106073.5,0.0,0.39981130763005185,0.6001884549613297,False,False,False,False,False,True,False
4,2,45271,16,45271.0,2553763.5,0.0,0.44908348012648786,0.550916324084043,False,False,False,False,False,True,False
4,3,16200,11,28380.0,1372213.375,0.0,0.5861428074187077,0.4138569193001781,False,False,True,False,False,True,False
4,5,508160,11,329850.0,28053172.0,0.0,0.774431426150312,0.2255684312633167,False,False,True,False,False,True,True
4,3,26176,11,23730.0,966907.375,0.0,0.431822127740002,0.5681774844255376,False,False,True,False,False,True,False
4,1,37740,11,37481.0,7442314.5,0.0,0.9371005484920047,0.06289938432459419,False,False,True,False,False,True,False
7,1,26000,7,49847.0,5277482.5,0.3974981916093516,0.6025018557617198,0.0,False,False,False,False,False,False,False
7,3,23241,22,23241.0,739210.5,0.0,0.5457971714416935,0.45420215216098797,False,False,False,False,False,False,False
7,1,155795,7,155795.0,17673018.0,0.0,0.8373528505431274,0.1626470928734413,False,False,False,False,False,False,True
7,1,21018,7,21018.0,1761137.5,0.09981049179862447,0.9001892242939578,0.0,False,False,False,False,False,False,False
7,1,30533,17,28631.0,5903015.0,0.0,0.44569021084987925,0.5543096197451641,False,False,False,False,False,False,False
7,2,33971,32,50000.0,17686444.0,0.0,0.5090189412863321,0.49098105871366793,False,False,False,False,False,False,True
7,2,40600,7,33000.0,2485521.0,0.05548132564560911,0.6073229717230311,0.15068752185155546,False,False,False,False,False,False,False
4,4,38038,11,38038.0,2003807.75,0.0,0.9999996257125965,0.0,False,False,True,False,False,True,False
4,4,40000,11,41591.0,2524228.25,0.0,0.48311241267504235,0.5168874882847857,False,False,True,False,False,True,False
4,3,35404,11,35404.0,9190442.0,0.0,0.5991756435653476,0.4008242476259575,False,False,True,False,False,True,False
4,6,29910,11,120548.0,7429423.0,0.0,0.8987323780056675,0.10126748739437773,False,False,True,False,False,True,False
4,4,35780,11,22341.0,1912760.75,0.0,0.9999996078965966,0.0,False,False,True,False,False,True,False
7,4,17824,11,8061.0,564754.1875,0.0,0.9999996679971497,0.0,False,False,True,False,False,False,False
1,1,49680,7,49680.0,2844685.0,0.5018938828024896,0.4605448406414067,0.0,False,False,False,True,False,False,False
1,1,36314,7,36314.0,1832808.75,0.11165922249116281,0.6058629957981159,0.21364913278594944,False,False,False,True,False,False,False
1,2,25920,2,11888.0,1257774.625,0.0,0.9999995030906272,0.0,False,False,False,True,False,False,False
1,4,47686,11,25500.0,2071670.25,0.433318960872272,0.5666809184521523,0.0,False,False,True,True,False,False,False
1,3,49760,7,24019.0,44293.5,0.0,1.000011288338018,0.0,False,False,False,True,False,False,False
1,6,40715,11,20895.0,2827772.75,0.0,0.8070471716654034,0.19295291674339815,False,False,True,True,False,False,False
1,4,47265,21,36036.0,1717130.875,0.0,1.0000000727958491,0.0,False,False,False,True,False,False,False
1,4,36160,11,36160.0,1862176.875,0.0,1.0000000671257396,0.0,False,False,True,True,False,False,False
1,1,34617,38,6455.0,5136604.5,0.0,0.5462731265371901,0.4537267761222418,False,False,False,True,False,False,False
1,5,66900,11,68048.0,1634178.25,0.0,0.963738808786618,0.036261038231294535,False,False,True,True,False,False,False
1,2,22710,39,22710.0,287763.5,0.0,0.9999982624620565,0.0,False,False,False,True,False,False,False
4,3,36959,11,36959.0,3205182.5,0.0,0.9992454407822331,0.0007544032204094463,False,False,True,False,False,True,False
4,5,44860,11,57972.0,3600571.25,0.0,0.902967827674567,0.09703210289200637,False,False,True,False,False,True,False
10,2,45960,8,45960.0,4167253.75,0.0,0.20028489985761005,0.7997151601339372,False,False,False,False,False,False,False
4,2,21128,11,21128.0,436604.0938,0.0,0.9999997851600539,0.0,False,False,True,False,False,True,False
4,3,51552,11,54150.0,1539066.375,0.0,0.9999997563457911,0.0,False,False,True,False,False,True,False
4,1,27338,22,27338.0,581289.0,0.0,1.0,0.0,False,False,False,False,False,True,False
10,2,20110,21,65000.0,2045592.0,0.0,0.32724658680714436,0.6727534131928556,False,False,False,False,False,False,False
7,2,34416,25,20649.0,12015936.0,0.0,0.38909994194376535,0.6108999748334212,False,True,False,False,False,False,False
7,3,45864,11,45864.0,2590622.0,0.0,0.18541879131729755,0.8145812086827025,False,False,True,False,False,False,False
9,2,49252,8,61099.0,3485865.5,0.0,0.49879979591868934,0.5012000606449102,False,False,False,False,False,False,False
3,1,34005,8,50337.0,991918.0,0.0,0.9293459741631869,0.07065402583681313,False,False,False,False,False,False,False
13,1,41221,8,60814.0,2246747.5,0.0,0.7028920695360739,0.29710770792000435,False,False,False,False,False,False,False
4,3,33176,11,33176.0,1426279.5,0.0,0.6046788164591863,0.3953208329783889,False,False,True,False,False,True,False
4,3,21430,16,10751.0,1878742.875,0.0,0.505672709470688,0.49432735706316383,False,False,False,False,False,True,False
2,2,75605,8,75605.0,2274873.5,0.0,0.6683430968798925,0.33165668332766635,False,False,False,False,False,False,False
2,2,29525,8,29525.0,1297812.75,0.0,0.7433576222764031,0.2566425703553922,False,False,False,False,False,False,False
10,3,31191,32,30095.0,5876439.0,0.0,0.5315555900435621,0.4684444099564379,False,False,False,False,False,False,False
3,1,37377,18,31303.0,3040978.0,0.0,0.35476909073331014,0.6452309092666899,False,False,False,False,False,False,False
6,1,29380,13,16768.0,856088.625,0.0,1.0000004380387604,0.0,False,False,False,False,True,False,False
10,2,22688,22,22688.0,331675.0,0.0,0.6893133338358333,0.31068666616416674,False,False,False,False,False,False,False
2,2,22364,40,22364.0,1467029.75,0.0,0.346870947913633,0.6531292224987257,False,False,False,False,False,False,False
6,2,41262,11,40738.0,1903455.875,0.0,0.9999995403098062,0.0,False,False,True,False,True,False,False
4,2,43183,11,26580.0,7408342.0,0.0,0.8806117482157276,0.11938811680130318,False,False,True,False,False,True,False
3,3,45680,22,45680.0,2077039.375,0.0,0.24522982382074485,0.7547704770883316,False,False,False,False,False,False,False
13,1,23562,22,18278.0,531737.1875,0.0,0.9999996473821948,0.0,False,False,False,False,False,False,False
8,4,28844,11,10292.0,910718.6875,0.0,0.9999992451016879,0.0,False,False,True,False,False,False,False
12,2,54528,8,54285.0,1972078.625,0.0,0.9999996830755163,0.0,False,False,False,False,False,False,False
6,1,21101,13,18373.0,675772.875,0.0,0.25410312599481,0.7458970589785806,False,False,False,False,True,False,False
6,2,45594,30,45594.0,1351267.875,0.0,1.0000000925057142,0.0,False,False,False,False,True,False,False
6,1,26660,31,26660.0,2241280.5,0.0,0.9999997769132423,0.0,False,False,False,False,True,False,False
6,1,28126,13,21780.0,870625.8125,0.0,0.6872872265086902,0.3127129888536357,False,False,False,False,True,False,False
6,1,35000,13,35000.0,378714.4063,0.0,0.9999989271599041,0.0,False,False,False,False,True,False,False
6,1,26150,13,26150.0,1208407.625,0.0,0.6748616800560159,0.32513863026973205,False,False,False,False,True,False,False
6,2,24000,11,24000.0,1088556.25,0.0,0.999999770338005,0.0,False,False,True,False,True,False,False
10,5,43594,8,40809.0,2478045.5,0.0,0.5103748095020855,0.4896249887259939,False,False,False,False,False,False,False
4,1,28080,20,25580.0,794724.625,0.0,0.6455217113726657,0.3544787604888926,False,False,False,False,False,True,False
9,1,22047,22,22898.0,265774.9063,0.0,1.0000003525539762,0.0,False,False,False,False,False,False,False
6,1,31600,13,31600.0,3363535.5,0.0,0.48559202065802487,0.5144078306888689,False,False,False,False,True,False,False
6,1,35289,13,35289.0,876425.0,0.0,0.5600285249736144,0.4399714750263856,False,False,False,False,True,False,False
6,1,28920,13,30000.0,1750419.0,0.0,0.15941554564935595,0.840584454350644,False,False,False,False,True,False,False
6,1,22176,13,22176.0,736428.625,0.0,0.18666982153226322,0.8133293297772068,False,False,False,False,True,False,False
6,1,31300,13,31300.0,362874.0,0.0,0.6087870720966506,0.3912129279033494,False,False,False,False,True,False,False
6,1,22000,13,22000.0,700627.625,0.0,1.0000005352343908,0.0,False,False,False,False,True,False,False
3,3,39927,11,39541.0,3568419.5,0.0,0.999999859881945,0.0,False,False,True,False,False,False,False
3,1,30610,32,23320.0,4294550.0,0.0,0.46570350793447507,0.5342964920655249,False,False,False,False,False,False,False
3,2,20580,15,26930.0,1002995.0,0.0,1.0,0.0,False,False,False,False,False,False,False
3,2,38745,15,65069.0,2890379.0,0.0,0.7789905752844177,0.2210090787401929,False,False,False,False,False,False,False
5,2,20296,12,20296.0,855665.125,0.0,0.9999998539148127,0.0,False,False,False,False,False,False,False
5,2,22135,15,10388.0,1261634.5,0.0,0.6801486484397818,0.3198509552489251,False,False,False,False,False,False,False
5,3,38378,15,35066.0,1645605.125,0.0,0.44337489529877344,0.556625028741327,False,False,False,False,False,False,False
5,2,33576,13,33576.0,1275231.75,0.0,0.3059240016569537,0.694076194385844,False,False,False,False,False,False,False
5,1,33005,26,34982.0,10642754.0,0.0,0.6915205406420181,0.30847936539733983,False,False,False,False,False,False,False
10,1,20971,21,23483.0,729397.1875,0.0,0.9999997429384111,0.0,False,False,False,False,False,False,False
7,3,23910,11,20000.0,873577.3125,0.0,0.7763102249750792,0.22368941730042927,False,False,True,False,False,False,False
8,2,21765,22,21765.0,431390.4063,0.0,0.27798949222946595,0.7220095659322501,False,False,False,False,False,False,False
11,2,26560,22,26560.0,1751483.875,0.0,0.34826640924684504,0.6517336621212113,False,False,False,False,False,False,False
4,2,20140,13,20140.0,116486.6016,0.0,1.0000034201358314,0.0,False,False,False,False,False,True,False
6,2,38845,16,38845.0,6917280.0,0.0,0.47569651654985773,0.5243033388846483,False,False,False,False,True,False,False
6,1,26092,26,25946.0,7619445.0,0.0,0.6568713338044962,0.34312866619550375,False,False,False,False,True,False,False
3,1,38582,8,40374.0,1848878.5,0.0,0.39455107515177446,0.6054491952824375,False,False,False,False,False,False,False
6,1,25500,11,25500.0,1213869.75,0.0,0.16373091099765852,0.8362692949552454,False,False,True,False,True,False,False
6,1,41895,13,37524.0,1242311.5,0.0,0.7133653677036718,0.2866342298207817,False,False,False,False,True,False,False
6,2,56193,16,56193.0,2497942.75,0.0,0.7441923959226047,0.25580730383032196,False,False,False,False,True,False,False
8,3,35448,8,35448.0,1379932.5,0.0,0.20330632114251965,0.7966933165209168,False,False,False,False,False,False,False
8,1,29214,26,29214.0,9336239.0,0.0,0.6670010268588883,0.33299897314111176,False,False,False,False,False,False,False
8,1,46068,26,47034.0,14029480.0,0.0,0.5565437920721225,0.44345613664939826,False,False,False,False,False,False,True
8,1,32000,32,29880.0,1331122.125,0.0,0.41215677336893486,0.5878431327253313,False,False,False,False,False,False,False
8,2,31140,7,14840.0,935580.3125,0.0,0.2507673546198098,0.7492323113629008,False,False,False,False,False,False,False
8,3,41478,13,31932.0,3035962.25,0.0,0.5926895171374413,0.4073104005163437,False,False,False,False,False,False,False
8,1,39840,13,39840.0,752104.0,0.0,1.0,0.0,False,False,False,False,False,False,False
8,1,15000,3,15000.0,1533245.75,0.0,0.6065811693917952,0.39341899366099664,False,False,False,False,False,False,False
8,2,21528,5,21528.0,306911.0938,0.0,0.6839570293825593,0.3160426649914732,False,False,False,False,False,False,False
8,2,30000,28,25828.0,1094940.75,0.0,0.8909714977728247,0.10902873055003205,False,False,False,False,False,False,False
8,2,30087,7,30554.0,5274642.0,0.0,0.9999998104136736,0.0,False,False,False,False,False,False,False
8,1,40445,22,40445.0,786253.6875,0.0,0.3449510053967155,0.6550493920577002,False,False,False,False,False,False,False
8,1,23500,16,23500.0,1137967.5,0.0,0.8979896174539256,0.1020099431662152,False,False,False,False,False,False,False
8,1,22420,16,23067.0,1404253.75,0.0,0.6604376167768824,0.3395625612536196,False,False,False,False,False,False,False
7,1,25842,26,25987.0,8518313.0,0.0,0.5467041420055826,0.45329585799441746,False,False,False,False,False,False,False
7,3,26389,11,16766.0,1208035.375,0.0,0.9999996895786268,0.0,False,False,True,False,False,False,False
7,3,25859,11,25859.0,858780.625,0.0,0.7751770133379523,0.22482225888596405,False,False,True,False,False,False,False
7,1,25600,13,20600.0,1730600.625,0.0,0.7220666524375027,0.27793356425027294,False,False,False,False,False,False,False
7,1,23169,31,10200.0,222255.9063,0.0,1.0000004215860967,0.0,False,False,False,False,False,False,False
7,4,33385,11,33385.0,1294615.25,0.0,0.9999998068924338,0.0,False,False,True,False,False,False,False
7,1,56884,13,56884.0,1388345.125,0.0,0.5657555789667212,0.43424433099802906,False,False,False,False,False,False,False
8,1,32810,16,32810.0,2017967.75,0.0,0.652274051455976,0.3477260724310386,False,False,False,False,False,False,False
7,3,30989,12,30989.0,97690.39844,0.0,0.9999959214006047,0.0,False,False,False,False,False,False,False
7,3,39952,12,39952.0,57133.19922,0.0,0.9999965130606596,0.0,False,False,False,False,False,False,False
7,2,20022,11,20784.0,657385.8125,0.0,1.0000002852206367,0.0,False,False,True,False,False,False,False
7,2,36498,20,18229.0,520011.8125,0.0,0.5338878720182919,0.4661124885504404,False,False,False,False,False,False,False
7,1,35946,20,31845.0,469499.8125,0.0,0.639529541878145,0.3604687275567336,False,False,False,False,False,False,False
7,4,24472,11,25184.0,845044.125,0.0,0.9988448828041968,0.0011549692745334453,False,False,True,False,False,False,False
7,4,22365,11,21617.0,727385.8125,0.0,1.0000002577724183,0.0,False,False,True,False,False,False,False
7,4,30172,11,30172.0,904059.875,0.0,1.0000001382651784,0.0,False,False,True,False,False,False,False
8,4,42500,13,42500.0,241478.5938,0.0,0.9999975409828645,0.0,False,False,False,False,False,False,False
8,4,23032,11,14448.0,1121537.75,0.0,0.9999993312752959,0.0,False,False,True,False,False,False,False
8,3,40836,7,42850.0,7240274.0,0.0,0.24164955635656882,0.7583503055271112,False,False,False,False,False,False,False
8,2,23500,11,23500.0,1686405.0,0.0,0.7074125136014184,0.2925874863985816,False,False,True,False,False,False,False
8,1,22282,11,22282.0,579888.3125,0.0,0.5282017129807216,0.47179774812240244,False,False,True,False,False,False,False
8,2,24000,12,24000.0,502898.6875,0.0,0.40166937202436026,0.5983312493731653,False,False,False,False,False,False,False
3,2,29258,32,31991.0,8086943.5,0.0,0.3225671108002671,0.6774328273716763,False,False,False,False,False,False,False
3,2,37500,11,37500.0,2235765.5,0.0,0.7220148982529697,0.2779848781099807,False,False,True,False,False,False,False
9,3,23983,8,23983.0,1164364.75,0.0,0.5316186358269606,0.46838157888239057,False,False,False,False,False,False,False
12,1,24100,20,20100.0,809870.8125,0.0,0.3352497655297338,0.6647504659886727,False,False,False,False,False,False,False
13,1,23772,22,23772.0,100841.7031,0.0,1.0000029442184222,0.0,False,False,False,False,False,False,False
5,2,31343,8,51515.0,3846501.25,0.0,0.426136609210773,0.5738633257950976,False,False,False,False,False,False,False
9,3,33062,21,24052.0,2450442.75,0.0,1.0000001020223794,0.0,False,False,False,False,False,False,False
7,2,20294,7,18000.0,1735995.75,0.0,0.3089915398698413,0.6910086041397279,False,False,False,False,False,False,False
7,4,29722,11,24008.0,1286817.375,0.0,0.9999997085833566,0.0,False,False,True,False,False,False,False
7,4,26048,11,41707.0,1755788.5,0.0,0.9999997152276598,0.0,False,False,True,False,False,False,False
7,2,57644,11,20176.0,2189735.0,0.0,0.726804841681756,0.273195158318244,False,False,True,False,False,False,False
7,2,39497,13,25547.0,1700057.375,0.0,0.7906033171380465,0.2093964622811627,False,False,False,False,False,False,False
10,1,33087,2,53776.0,3548858.25,0.0,0.4066493780077015,0.5933505515471067,False,False,False,False,False,False,False
9,2,27574,11,27574.0,1211349.25,0.0,0.9999997936185621,0.0,False,False,True,False,False,False,False
3,1,24982,16,24982.0,335245.0,0.0,1.0,0.0,False,False,False,False,False,False,False
9,3,48798,11,76105.0,2472350.25,0.0,0.9999998988816411,0.0,False,False,True,False,False,False,False
3,2,32009,13,17500.0,1998725.25,0.0,0.6709241302675293,0.329075744652748,False,False,False,False,False,False,False
3,1,41615,16,41615.0,1900006.25,0.0,0.9999998684214855,0.0,False,False,False,False,False,False,False
3,3,28841,15,28841.0,1459199.75,0.0,0.6546903533940436,0.34530913262560525,False,False,False,False,False,False,False
3,2,33344,12,31360.0,123767.2031,0.0,0.9999983590160001,0.0,False,False,False,False,False,False,False
3,1,30498,32,30498.0,2436063.0,0.0,0.43768408288291394,0.5623159171170861,False,False,False,False,False,False,False
12,2,42975,8,21405.0,959352.0,0.0,0.1805020472152036,0.8194979527847964,False,False,False,False,False,False,False
12,1,23260,18,13075.0,1612105.75,0.0,0.44648373718659584,0.5535164178900794,False,False,False,False,False,False,False
12,2,30659,11,27262.0,2619088.5,0.0,0.6889373917681667,0.31106241732572226,False,False,True,False,False,False,False
7,2,27144,7,27144.0,1012024.313,0.0,0.45334483974991224,0.5466548509689806,False,False,False,False,False,False,False
9,1,23166,7,23166.0,3475804.25,0.0,8.631095954267275e-07,0.999999064964605,False,False,False,False,False,False,False
9,2,34759,15,44667.0,1633105.375,0.0,0.9999997703761155,0.0,False,False,False,False,False,False,False
9,2,44719,22,45909.0,1614026.25,0.0,0.43659822756909933,0.5634016175387482,False,False,False,False,False,False,False
6,1,21603,26,21603.0,5833800.0,0.0,0.6685278891974357,0.3314721108025644,False,False,False,False,True,False,False
12,1,42900,20,43050.0,436252.5,0.0,1.0000011461252372,0.0,False,False,False,False,False,False,False
12,1,26232,27,18262.0,3094090.0,0.0,0.29154969635660244,0.7084503036433976,False,False,False,False,False,False,False
1,2,25840,13,25840.0,313528.0938,0.0,0.9999997008242584,0.0,False,False,False,True,False,False,False
1,1,45145,11,43813.0,1268459.0,0.0,0.40560317676803115,0.5943968232319689,False,False,True,True,False,False,False
1,5,48237,11,44417.0,1981115.25,0.0,0.9419462093384017,0.05805366447005039,False,False,True,True,False,False,False
6,1,50546,8,53234.0,1155080.5,0.0,0.9231495120902828,0.07685005503945395,False,False,False,False,True,False,False
8,1,45522,26,45522.0,12250422.0,0.0,0.5730178927713674,0.4269819439689506,False,False,False,False,False,False,False
9,2,20088,16,16080.0,326778.6875,0.0,0.9999978961296244,0.0,False,False,False,False,False,False,False
6,2,40657,11,40657.0,2826828.0,0.0,0.9701347234426715,0.02986527655732857,False,False,True,False,True,False,False
6,1,20200,13,18700.0,269016.6875,0.0,0.9694863260109097,0.030514835627064956,False,False,False,False,True,False,False
10,7,33548,11,54372.0,1403820.0,0.0,1.0,0.0,False,False,True,False,False,False,False
10,1,47699,17,47000.0,14524386.0,0.5941993692538879,0.39813414487882653,0.007666417017559296,False,False,False,False,False,False,True
10,0,274568,15,228133.0,25311526.0,0.5253041242949951,0.4746957966896188,0.0,False,False,False,False,False,False,True
10,3,21282,11,19658.0,1245923.75,0.6120296787825098,0.38796997007240613,0.0,False,False,True,False,False,False,False
2,2,41022,7,41022.0,3787648.25,0.0,0.9999999339959829,0.0,False,False,False,False,False,False,False
12,2,28109,7,28109.0,3612526.75,0.0,0.92076300888291,0.07923678350617058,False,False,False,False,False,False,False
3,3,20590,11,20590.0,409578.4063,0.0,1.000001449539309,0.0,False,False,True,False,False,False,False
3,1,21936,13,21936.0,113130.0,0.0,0.6349067444532839,0.3650932555467162,False,False,False,False,False,False,False
3,1,30160,7,30139.0,1045838.5,0.0,0.23387645415616273,0.7661230677585498,False,False,False,False,False,False,False
12,1,40189,41,28347.0,1509292.0,0.0,0.6103755933245522,0.38962440667544784,False,False,False,False,False,False,False
12,2,66484,11,49334.0,3046543.0,0.0,1.0,0.0,False,False,True,False,False,False,False
10,3,25151,11,24155.0,1356874.75,0.5519925015186553,0.44800745241961354,0.0,False,False,True,False,False,False,False
1,2,29631,26,16000.0,5144392.0,0.0,0.5320850355105132,0.46791477010305593,False,False,False,True,False,False,False
1,2,23472,11,20695.0,1625308.625,0.0,0.5316553340753976,0.46834489665001316,False,False,True,True,False,False,False
6,2,21315,11,20424.0,2796425.0,0.0,0.29342213719302324,0.7065778628069768,False,False,True,False,True,False,False
7,4,41298,11,36867.0,2190460.0,0.0,0.910536599618345,0.089463400381655,False,False,True,False,False,False,False
1,3,34030,11,34030.0,1748629.875,0.0,0.8751594730703088,0.12484059841422988,False,False,True,True,False,False,False
13,2,20398,23,19232.0,9313513.0,0.0,0.3734953717249334,0.6265046282750666,False,False,False,False,False,False,False
6,1,41308,20,41308.0,1642471.5,0.0,0.6421828323961786,0.3578168631845362,False,False,False,False,True,False,False
7,3,34976,35,34976.0,873711.125,0.0,0.7616613557484461,0.2383385011836721,False,False,False,False,False,False,False
7,1,38255,13,38255.0,985401.8125,0.0,0.40777781703136456,0.5922223732463451,False,False,False,False,False,False,False
4,3,48924,11,31325.0,2282551.25,0.0,0.5885401258788823,0.4114597645945518,False,False,True,False,False,True,False
4,4,32297,11,50333.0,1602084.375,0.0,0.9999997659299311,0.0,False,False,True,False,False,True,False
4,4,35526,11,34160.0,2520483.25,0.0,0.9999999008126715,0.0,False,False,True,False,False,True,False
4,3,17956,11,17332.0,666740.3125,0.0,0.9999995313017765,0.0,False,False,True,False,False,True,False
4,3,35224,11,33705.0,1994967.75,0.0,0.999999624054073,0.0,False,False,True,False,False,True,False
12,2,24224,22,24224.0,968026.3125,0.0,0.5526037805919661,0.44739589658623047,False,False,False,False,False,False,False
12,1,23706,22,23706.0,400770.9063,0.0,0.4413219553108065,0.5586782784886,False,False,False,False,False,False,False
6,1,31900,13,28000.0,1964681.25,0.0,0.9999998727528957,0.0,False,False,False,False,True,False,False
13,1,49066,5,49000.0,3835202.0,0.0,0.14028074662038661,0.8597192533796134,False,False,False,False,False,False,False
13,3,30740,22,28293.0,1686262.25,0.0,0.3631896521433721,0.6368101995997361,False,False,False,False,False,False,False
2,1,67450,26,42760.0,2842819.5,0.0,0.7252497036832624,0.2747501204350118,False,False,False,False,False,False,False
7,1,46970,13,46970.0,882896.5,0.0,0.999999433682204,0.0,False,False,False,False,False,False,False
7,1,47554,13,18133.0,1035554.688,0.0,0.8154875930608505,0.18451270822695556,False,False,False,False,False,False,False
7,2,37616,11,43016.0,1234095.5,0.0,0.0873700617172658,0.9126303434377647,False,False,True,False,False,False,False
7,1,24196,7,8711.0,1055033.0,0.0,0.6931337692754634,0.30686623072453656,False,False,False,False,False,False,False
7,2,20671,11,20671.0,638507.125,0.0,0.31060107590811925,0.6893987283227262,False,False,True,False,False,False,False
6,1,21600,13,21600.0,499828.5938,0.0,0.5284891726416473,0.471511640036949,False,False,False,False,True,False,False
13,1,35844,22,35844.0,866126.375,0.0,0.9999995670377778,0.0,False,False,False,False,False,False,False
4,3,31774,11,19896.0,1639136.25,0.0,0.9015888703577876,0.09841097712285968,False,False,True,False,False,True,False
6,1,26094,13,26094.0,709990.8125,0.0,1.0000002640879244,0.0,False,False,False,False,True,False,False
6,2,23687,11,23687.0,1084553.75,0.0,1.000000230509553,0.0,False,False,True,False,True,False,False
6,2,24221,11,24221.0,1435562.75,0.0,1.000000174147734,0.0,False,False,True,False,True,False,False
1,2,57836,11,34550.0,5381105.0,0.0,0.9999998141645629,0.0,False,False,True,True,False,False,False
1,2,32027,11,17526.0,3999505.25,0.0,0.4552100537935286,0.54478988369874,False,False,True,True,False,False,False
1,3,32160,11,35693.0,2805826.0,0.0,1.0,0.0,False,False,True,True,False,False,False
6,3,34425,11,34425.0,2018385.75,0.0,0.6134461660760337,0.38655395778532425,False,False,True,False,True,False,False
6,2,52609,8,52609.0,1801941.75,0.0,0.5916756188150921,0.4083245199241318,False,False,False,False,True,False,False
13,3,28304,15,20106.0,1961581.5,0.0,0.999999745103632,0.0,False,False,False,False,False,False,False
6,1,29619,20,15000.0,1280263.75,0.0,0.4325179089074419,0.5674822863648213,False,False,False,False,True,False,False
11,2,21592,8,20700.0,1431784.0,0.0,0.33007213378554306,0.6699278662144569,False,False,False,False,False,False,False
3,2,23923,8,23923.0,805643.5,0.0,0.6262310811171442,0.37376829826095537,False,False,False,False,False,False,False
11,3,25200,11,16000.0,1748444.25,0.0,0.691415239576555,0.30858461743918914,False,False,True,False,False,False,False
11,1,45068,11,45068.0,284857.3125,0.0,0.49773691521434965,0.5022619877451803,False,False,True,False,False,False,False
11,2,28296,11,26899.0,1328461.25,0.0,0.9999998118123505,0.0,False,False,True,False,False,False,False
11,3,31357,11,25500.0,1965075.625,0.0,0.9031021388807874,0.09689754306529552,False,False,True,False,False,False,False
6,1,160000,20,160000.0,1157976.5,0.0,1.0000004317876918,0.0,False,False,False,False,True,False,False
6,1,53550,13,53550.0,4590246.5,0.0,0.3265680829994642,0.6734318080739237,False,False,False,False,True,False,False
6,1,38412,13,32000.0,1628540.0,0.0,0.25869429059157284,0.7413057094084272,False,False,False,False,True,False,False
6,1,25881,12,25881.0,545426.375,0.0,0.9999993124644917,0.0,False,False,False,False,True,False,False
6,1,24291,11,24023.0,655422.375,0.0,0.5027094169618485,0.497291536621709,False,False,True,False,True,False,False
6,1,36544,13,36544.0,1269847.75,0.0,0.999999409378014,0.0,False,False,False,False,True,False,False
6,1,20796,13,20796.0,1324092.125,0.0,0.3147084648660681,0.6852914407296244,False,False,False,False,True,False,False
6,1,21349,20,13000.0,659761.875,0.0,0.5911890558999032,0.40881113356239324,False,False,False,False,True,False,False
6,1,38630,13,38500.0,416885.5938,0.0,1.0000009743680427,0.0,False,False,False,False,True,False,False
6,1,20724,13,19224.0,1832031.5,0.0,0.16565817782063244,0.834342095100439,False,False,False,False,True,False,False
6,1,24109,31,24109.0,4747403.5,0.0,0.9999998946792704,0.0,False,False,False,False,True,False,False
6,1,25375,30,23419.0,4069301.5,0.0,0.9999998771287898,0.0,False,False,False,False,True,False,False
6,1,22803,13,19373.0,764094.5,0.0,0.5413597401892043,0.45863960544147353,False,False,False,False,True,False,False
6,1,23100,11,11550.0,4323672.0,0.0,0.36372879348849774,0.6362712065115023,False,False,True,False,True,False,False
6,1,41550,30,41550.0,642645.1875,0.0,0.9999997082371367,0.0,False,False,False,False,True,False,False
6,2,54170,7,54170.0,5804784.5,0.0,0.4851837307655435,0.5148161830986147,False,False,False,False,True,False,False
6,2,64493,8,64493.0,1989763.875,0.0,0.8399458955902493,0.1600541672312751,False,False,False,False,True,False,False
2,2,42252,8,42252.0,2203758.5,0.0,0.14445820628712266,0.855542020597992,False,False,False,False,False,False,False
6,1,23100,12,23250.0,863703.0,0.0,0.8030445650877674,0.19695543491223255,False,False,False,False,True,False,False
2,3,22895,22,22895.0,440419.1875,0.0,0.5153908059466642,0.48460876832256544,False,False,False,False,False,False,False
6,2,36740,16,30000.0,1267463.125,0.0,0.9999999013778014,0.0,False,False,False,False,True,False,False
2,1,41428,8,41428.0,1404702.25,0.0,0.46808282680546714,0.5319169952208733,False,False,False,False,False,False,False
5,6,41047,12,48179.0,797170.3125,0.0,0.8189717928061954,0.18102781518221678,False,False,False,False,False,False,False
6,1,52325,13,52325.0,808968.1875,0.0,0.6680472833797312,0.3319524848435403,False,False,False,False,True,False,False
6,4,20600,18,20600.0,270838.5,0.0,0.37392763584202393,0.6260742102766039,False,False,False,False,True,False,False
6,1,25880,16,25880.0,162960.0,0.0,1.0,0.0,False,False,False,False,True,False,False
6,1,45842,13,49802.0,819354.625,0.0,0.8191654498807522,0.18083378732377328,False,False,False,False,True,False,False
6,1,31365,7,31365.0,652991.6875,0.0,0.9822452755189169,0.017755203047665136,False,False,False,False,True,False,False
6,1,32100,7,32100.0,758008.875,0.0,0.41427087512662697,0.585729289779094,False,False,False,False,True,False,False
6,1,20520,13,15400.0,1167887.75,0.0,0.3929119044188964,0.6070883096427717,False,False,False,False,True,False,False
6,1,22972,13,22972.0,495481.0,0.0,1.0,0.0,False,False,False,False,True,False,False
6,1,24990,13,25649.0,523614.0938,0.0,0.7910654142136463,0.2089344066467907,False,False,False,False,True,False,False
6,2,24000,16,22740.0,1318947.25,0.0,0.478323147495095,0.5216766629597962,False,False,False,False,True,False,False
6,1,100386,13,50628.0,3626431.5,0.0,0.5777707368800431,0.4222291252433694,False,False,False,False,True,False,False
6,1,24354,20,18470.0,735907.8125,0.0,0.6417651667477032,0.35823508803964493,False,False,False,False,True,False,False
6,1,33600,20,24000.0,847419.375,0.0,0.7585311582001533,0.2414683992798725,False,False,False,False,True,False,False
6,1,20819,31,20819.0,1694930.375,0.0,0.4954758097364324,0.5045245590102779,False,False,False,False,True,False,False
6,1,23296,13,19471.0,1429855.75,0.0,0.5445752132688909,0.45542426220267324,False,False,False,False,True,False,False
6,1,35222,13,15000.0,1758134.625,0.0,0.6527816378111545,0.3472180066984347,False,False,False,False,True,False,False
6,1,25520,30,25200.0,1610794.75,0.0,0.3571814472328023,0.6428180871585284,False,False,False,False,True,False,False
6,1,25460,7,8223.0,834711.875,0.0,1.0000001497522724,0.0,False,False,False,False,True,False,False
12,1,41526,8,41526.0,1814947.0,0.0,0.48188955379964266,0.5181098952200808,False,False,False,False,False,False,False
3,2,24291,11,24291.0,920430.625,0.0,0.9999993209700079,0.0,False,False,True,False,False,False,False
3,2,20738,16,20738.0,526752.8125,0.0,1.0000003559544355,0.0,False,False,False,False,False,False,False
3,4,30948,11,11729.0,919746.3125,0.0,0.999999660232397,0.0,False,False,True,False,False,False,False
3,2,21329,15,20575.0,2654316.0,0.0,0.999999623255106,0.0,False,False,False,False,False,False,False
6,1,21755,13,17650.0,844076.8125,0.0,0.7014717040340449,0.2985285181021366,False,False,False,False,True,False,False
6,1,27933,7,27933.0,6129780.0,0.0,0.9999998368620081,0.0,False,False,False,False,True,False,False
6,1,23143,11,15609.0,1139980.625,0.0,0.41212367096151303,0.5878766579914462,False,False,True,False,True,False,False
6,1,28800,11,28800.0,2107743.75,0.0,0.3731701256379007,0.4881153128789968,False,False,True,False,True,False,False
6,1,39600,13,39600.0,405050.4063,0.0,0.9999989969149675,0.0,False,False,False,False,True,False,False
6,1,39600,13,39600.0,468396.9063,0.0,0.7230683965770677,0.2769318034669522,False,False,False,False,True,False,False
6,1,41248,20,41430.0,1108310.875,0.0,0.8284850584002436,0.17151505438399672,False,False,False,False,True,False,False
6,1,36400,7,21400.0,1567746.75,0.0,0.5129616757298333,0.4870384837346976,False,False,False,False,True,False,False
13,1,31332,7,31332.0,3573328.25,0.0,0.9999999300372139,0.0,False,False,False,False,False,False,False
13,2,35864,22,35864.0,1228113.5,0.0,0.38093628968332327,0.619064117445171,False,False,False,False,False,False,False
6,1,20484,22,20484.0,822636.625,0.0,0.13984667896350955,0.860152561284273,False,False,False,False,True,False,False
5,4,27642,15,21743.0,1849331.25,0.0,0.9999998648159977,0.0,False,False,False,False,False,False,False
5,4,22356,15,27642.0,2824096.75,0.0,0.9999997344283619,0.0,False,False,False,False,False,False,False
9,2,41600,22,41600.0,1195165.25,0.0,0.5891026366437612,0.4108971541801437,False,False,False,False,False,False,False
4,2,34110,11,34110.0,2563985.5,0.0,0.9999998049910969,0.0,False,False,True,False,False,True,False
6,1,23750,13,19430.0,522972.1875,0.0,0.9999996414723298,0.0,False,False,False,False,True,False,False
6,1,43390,13,36430.0,533742.8125,0.0,1.0000003512927866,0.0,False,False,False,False,True,False,False
6,1,35400,13,35400.0,419978.6875,0.0,0.6714769306001986,0.32852381348517834,False,False,False,False,True,False,False
6,1,28144,20,22201.0,858701.0,0.0,0.9436928570014476,0.05630714299855247,False,False,False,False,True,False,False
6,3,71283,13,57910.0,2491238.25,0.0,0.7755035071414788,0.22449639250681866,False,False,False,False,True,False,False
6,1,23792,13,22992.0,2852102.75,0.0,0.9999997370361219,0.0,False,False,False,False,True,False,False
6,2,47368,11,47368.0,1042652.625,0.0,1.000000359659575,0.0,False,False,True,False,True,False,False
6,1,46183,13,18871.0,1890502.5,0.0,0.831049945715491,0.16894978980456254,False,False,False,False,True,False,False
11,5,49825,11,49825.0,2602213.75,0.0,0.8016316876351914,0.19836840843685496,False,False,True,False,False,False,False
2,1,36071,16,36071.0,1519952.125,0.0,0.42722069288860004,0.5727792248719676,False,False,False,False,False,False,False
2,3,51672,8,51672.0,1436510.375,0.0,0.8447714831158111,0.15522825583490826,False,False,False,False,False,False,False
2,2,27270,15,19987.0,2108861.75,0.0,0.9999996443579101,0.0,False,False,False,False,False,False,False
2,1,28425,4,14081.0,2133797.75,0.0,0.5695502303346228,0.4304498868273715,False,False,False,False,False,False,False
3,3,35115,10,35115.0,1922953.25,0.0,0.7911253172691536,0.2088745527224856,False,False,False,False,False,False,False
9,1,66704,37,23904.0,600516.875,0.0,0.437471469890001,0.5625287382640163,False,False,False,False,False,False,False
9,1,25658,13,18854.0,1063960.125,0.0,0.7666010979499819,0.23339878456441213,False,False,False,False,False,False,False
10,2,36000,11,27600.0,1046187.625,0.0,0.777351003363283,0.22264935508102573,False,False,True,False,False,False,False
10,1,36000,21,18000.0,1162163.125,0.0,0.656569618830403,0.3434302736115466,False,False,False,False,False,False,False
10,2,43200,13,43200.0,1929851.5,0.0,0.5987999594787474,0.40119978143396007,False,False,False,False,False,False,False
6,4,40970,11,42800.0,2912454.75,0.0,0.8024835407314054,0.19751620175386417,False,False,True,False,True,False,False
6,1,43794,16,34038.0,1164537.75,0.0,0.7136599908418598,0.2863402238355949,False,False,False,False,True,False,False
6,1,48280,13,40780.0,2701833.75,0.0,0.5208170191818797,0.47918307334786975,False,False,False,False,True,False,False
6,1,36040,20,31476.0,363808.1875,0.0,0.6900092098669439,0.3099902747515818,False,False,False,False,True,False,False
5,1,32822,26,35042.0,8839812.0,0.0,0.6118570168686845,0.3881428700067377,False,False,False,False,False,False,False
5,1,64314,8,65210.0,2936336.25,0.0,0.35353239943143433,0.6464675154284527,False,False,False,False,False,False,False
5,2,20385,22,20385.0,809291.8125,0.0,0.23954029560876103,0.7604599360752831,False,False,False,False,False,False,False
5,1,24295,22,24295.0,216115.0,0.0,1.0,0.0,False,False,False,False,False,False,False
5,2,20317,11,20317.0,620994.3125,0.0,0.9999994967747793,0.0,False,False,True,False,False,False,False
5,1,24377,26,24377.0,9851260.0,0.0,0.5783618542196632,0.4216381457803367,False,False,False,False,False,False,False
9,1,33392,42,33392.0,2786648.75,0.0,0.9999997308595135,0.0,False,False,False,False,False,False,False
9,1,45155,26,45155.0,6674179.5,0.0,0.6359514304342578,0.3640486444813179,False,False,False,False,False,False,False
6,1,32000,13,32040.0,2186148.5,0.0,0.7370107748856036,0.26298899640166257,False,False,False,False,True,False,False
6,1,44000,13,45449.0,4302455.5,0.0,0.2668529633833517,0.7331471528293553,False,False,False,False,True,False,False
6,1,36000,13,36000.0,2771820.5,0.0,0.17834776819061696,0.8216524121962443,False,False,False,False,True,False,False
6,1,31360,13,29640.0,1356972.25,0.0,0.4614759071160077,0.5385239086503059,False,False,False,False,True,False,False
6,1,33320,13,32200.0,2339234.0,0.0,0.5511346876798131,0.44886531232018684,False,False,False,False,True,False,False
6,1,48020,13,47800.0,2373568.25,0.0,0.6111086125288371,0.38889128214450963,False,False,False,False,True,False,False
6,1,27420,13,27850.0,1176342.25,0.0,0.43162863528875206,0.5683711521880643,False,False,False,False,True,False,False
11,2,24152,8,24152.0,161363.4063,0.0,0.9999974820809171,0.0,False,False,False,False,False,False,False
5,2,43645,8,37000.0,2053956.375,0.0,0.25262464496111803,0.7473756593296681,False,False,False,False,False,False,False
5,1,26853,16,20360.0,1399062.75,0.0,0.8186480556358177,0.18135212305523823,False,False,False,False,False,False,False
6,4,44775,7,44775.0,950695.625,0.0,0.46981387970518956,0.5301865147428232,False,False,False,False,True,False,False
6,1,27760,7,19715.0,2833624.5,0.0,0.28813662501859366,0.7118631985289512,False,False,False,False,True,False,False
6,1,20975,2,13144.0,347437.6875,0.0,0.7479959985630517,0.25200490087880867,False,False,False,False,True,False,False
6,1,26075,7,26075.0,1608508.75,0.0,0.9139415623321913,0.08605859309127165,False,False,False,False,True,False,False
6,1,29394,13,29394.0,1486681.75,0.0,0.7681186642669152,0.23188150389281365,False,False,False,False,True,False,False
6,2,20400,13,15000.0,438557.0,0.0,0.5496890940060243,0.4503109059939757,False,False,False,False,True,False,False
6,1,20460,11,20460.0,903541.875,0.0,1.000000138344446,0.0,False,False,True,False,True,False,False
6,2,25821,12,25821.0,209698.7031,0.0,1.0000014158408974,0.0,False,False,False,False,True,False,False
6,2,21870,30,21870.0,1074350.375,0.0,0.99999965095186,0.0,False,False,False,False,True,False,False
6,1,51664,13,51664.0,3528086.75,0.0,0.7409123372604146,0.25908773359952103,False,False,False,False,True,False,False
12,1,43615,15,43615.0,3133849.5,0.0,0.41560834366806704,0.584391815880118,False,False,False,False,False,False,False
12,3,36879,11,16855.0,1144267.5,0.0,0.9999995630392369,0.0,False,False,True,False,False,False,False
12,2,28531,7,28303.0,3494929.5,0.0,0.5761953138110512,0.4238045431245466,False,False,False,False,False,False,False
12,2,36600,13,43556.0,308400.4063,0.0,0.999998682556859,0.0,False,False,False,False,False,False,False
13,5,35176,11,14452.0,1011965.375,0.0,0.9999996294339616,0.0,False,False,True,False,False,False,False
3,1,36701,8,40285.0,1564891.75,0.0,0.48656336772176095,0.5134367920336982,False,False,False,False,False,False,False
4,2,26050,9,26393.0,2839882.25,0.0,0.6803415881063378,0.31965832386184323,False,False,False,False,False,True,False
6,1,48890,13,30889.0,2100216.5,0.0,0.5153611544333644,0.4846386074959415,False,False,False,False,True,False,False
6,3,43473,11,43473.0,4416909.5,0.0,0.9999998867986768,0.0,False,False,True,False,True,False,False
12,1,40265,16,40793.0,3740373.75,0.0,0.9455271682408743,0.054472631244404386,False,False,False,False,False,False,False
12,1,26208,16,32427.0,1608884.25,0.0,0.6444012364469351,0.35559860816587646,False,False,False,False,False,False,False
12,2,27227,32,29064.0,8054334.0,0.0,0.37909242402910037,0.6209075759708996,False,False,False,False,False,False,False
8,1,42172,37,12000.0,3275779.25,0.0,0.14448623178744416,0.855513691894837,False,False,False,False,False,False,False
1,5,32250,11,32250.0,796042.375,0.0,0.8397530345039735,0.1602464944155768,False,False,True,True,False,False,False
9,1,51000,16,51000.0,1298039.875,0.0,0.9144719071130231,0.08552818918602173,False,False,False,False,False,False,False
6,1,27000,7,9000.0,229856.4063,0.0,1.0000025829169157,0.0,False,False,False,False,True,False,False
6,2,20747,2,11815.0,1001964.0,0.0,0.7735986522469869,0.22640134775301307,False,False,False,False,True,False,False
6,2,40800,13,36000.0,817255.875,0.0,0.4129514517102737,0.5870487012405998,False,False,False,False,True,False,False
6,2,20150,11,20150.0,576174.125,0.0,0.9999997830516947,0.0,False,False,True,False,True,False,False
1,7,36000,11,31500.0,1682454.875,0.0,1.0000000742961976,0.0,False,False,True,True,False,False,False
6,2,41276,13,24300.0,2502081.0,0.0,0.3141389107706745,0.6858610892293255,False,False,False,False,True,False,False
6,2,24430,30,15667.0,1232822.875,0.0,0.7358770009844278,0.2641231004088888,False,False,False,False,True,False,False
6,3,27690,7,24717.0,16808.90039,0.0,1.0000059260271457,0.0,False,False,False,False,True,False,False
6,1,22580,11,22580.0,928584.875,0.0,0.925916438171578,0.07408369644185729,False,False,True,False,True,False,False
11,1,20000,13,20000.0,743528.125,0.0,0.17385219960576476,0.8261476322768557,False,False,False,False,False,False,False
11,1,42000,13,38000.0,2070005.625,0.0,0.2918243277720562,0.7081758533868718,False,False,False,False,False,False,False
11,1,24248,12,21018.0,111969.7031,0.0,0.9980378343970084,0.001964817213130576,False,False,False,False,False,False,False
6,1,24617,13,22752.0,106918.0,0.0,1.0,0.0,False,False,False,False,True,False,False
6,3,42355,21,84710.0,3245111.5,0.0,0.9999998459220892,0.0,False,False,False,False,True,False,False
6,1,37247,16,37247.0,1748644.5,0.0,0.42775875828391646,0.5722409557803201,False,False,False,False,True,False,False
8,1,25384,16,23468.0,3027867.5,0.0,0.5982784913804848,0.40172134348679395,False,False,False,False,False,False,False
6,3,49052,11,32393.0,1441445.625,0.0,0.9999995664075084,0.0,False,False,True,False,True,False,False
6,2,52110,13,32000.0,586589.1875,0.0,0.22183156930419895,0.7781681110513139,False,False,False,False,True,False,False
6,2,20970,11,20970.0,204499.0938,0.0,0.5754548727491721,0.4245446685690888,False,False,True,False,True,False,False
6,2,39036,11,27636.0,1528295.75,0.0,0.5944811401850721,0.4055190233958316,False,False,True,False,True,False,False
6,1,26310,11,24000.0,771512.6875,0.0,0.7298596758332636,0.2701407292151628,False,False,True,False,True,False,False
2,1,37883,16,28734.0,12434593.0,0.0,0.43105351337192943,0.5689464062072639,False,False,False,False,False,False,False
12,3,29874,8,31375.0,1274049.75,0.0,0.2278082154955095,0.772191980729167,False,False,False,False,False,False,False
7,1,20140,22,22000.0,992794.6875,0.0,0.12327825837605522,0.8767220563919466,False,False,False,False,False,False,False
9,2,40485,12,71874.0,1242811.75,0.0,0.36688742281363207,0.6331127783431401,False,False,False,False,False,False,False
11,2,39953,11,30100.0,1508561.875,0.0,0.748095930768501,0.2519041520918723,False,False,True,False,False,False,False
11,2,21200,16,14168.0,1676426.5,0.0,0.9999997017465424,0.0,False,False,False,False,False,False,False
11,1,30630,26,28470.0,6058494.0,0.0,0.9999998349424791,0.0,False,False,False,False,False,False,False
11,2,23421,16,19271.0,1896626.375,0.0,0.9999998022805098,0.0,False,False,False,False,False,False,False
8,3,117116,8,117116.0,5722325.5,0.0,0.1802847461228831,0.8197151665000532,False,False,False,False,False,False,False
8,2,24120,22,24120.0,893053.1875,0.0,0.3855335883899972,0.6144662016561023,False,False,False,False,False,False,False
8,3,35736,22,28970.0,1148202.25,0.0,0.1855909967081148,0.8144087855602095,False,False,False,False,False,False,False
6,1,51050,13,49500.0,1206165.75,0.0,0.6525255753614294,0.3474746319069332,False,False,False,False,True,False,False
6,2,21900,16,21900.0,1302192.875,0.0,0.44097691749388507,0.5590231784980393,False,False,False,False,True,False,False
6,1,16300,20,65164.0,150167.7969,0.0,0.9201639955603558,0.07983735692669006,False,False,False,False,True,False,False
6,1,33462,13,33462.0,1386445.375,0.0,0.9999997295241437,0.0,False,False,False,False,True,False,False
6,1,35310,7,10471.0,1331469.75,0.0,0.42376854599963687,0.5762316417627963,False,False,False,False,True,False,False
6,3,36140,7,34733.0,4653535.0,0.0,0.9999997851095995,0.0,False,False,False,False,True,False,False
1,2,26579,14,29640.0,8163413.0,0.0,0.35749397954017514,0.6425060204598249,False,False,False,True,False,False,False
1,1,23903,13,18350.0,415364.5938,0.0,0.40145212781494427,0.5985488501210813,False,False,False,True,False,False,False
5,3,22522,12,22522.0,561473.875,0.0,0.2433042855288681,0.7566959370994777,False,False,False,False,False,False,False
5,4,38959,12,38959.0,905750.375,0.0,0.5806379047869563,0.41936168119168593,False,False,False,False,False,False,False
6,2,25955,13,14150.0,1218112.0,0.0,1.0,0.0,False,False,False,False,True,False,False
9,2,21936,22,21936.0,608755.375,0.0,0.1265040164943102,0.8734970101906697,False,False,False,False,False,False,False
3,1,25406,43,25406.0,2442220.0,0.0,0.7787410634586565,0.22125893654134354,False,False,False,False,False,False,False
2,2,23250,11,22014.0,904236.0,0.0,1.0,0.0,False,False,True,False,False,False,False
6,1,30000,13,30000.0,2794837.0,0.0,0.2149513549448501,0.7850486450551499,False,False,False,False,True,False,False
6,1,45036,13,21110.0,1791697.75,0.0,0.5519574939467329,0.4480426455857301,False,False,False,False,True,False,False
13,1,51410,8,51410.0,1968907.25,0.0,0.4378423615434399,0.5621575114825749,False,False,False,False,False,False,False
7,2,122679,9,101035.0,16378152.0,0.0,0.3726498569557786,0.6273500819872718,False,False,False,False,False,False,True
3,4,23022,11,23022.0,1027230.875,0.0,0.8423072369198404,0.15769288476653312,False,False,True,False,False,False,False
6,1,27263,30,22000.0,2470642.0,0.0,1.0,0.0,False,False,False,False,True,False,False
6,1,31569,13,33000.0,3064039.5,0.0,0.2627224616392837,0.7372773751774414,False,False,False,False,True,False,False
6,1,22509,13,22509.0,177812.7969,0.0,1.0000011422125041,0.0,False,False,False,False,True,False,False
6,1,39984,13,31184.0,1073156.375,0.0,0.4074914059006545,0.5925082446628526,False,False,False,False,True,False,False
10,2,73769,8,73769.0,2556131.0,0.0,0.3468190793038385,0.6531809206961615,False,False,False,False,False,False,False
10,1,26440,22,26440.0,719905.1875,0.0,0.31028391499123625,0.6897158245577999,False,False,False,False,False,False,False
5,1,43578,8,45370.0,1436773.875,0.0,0.7796105006433249,0.22038958635714337,False,False,False,False,False,False,False
6,2,28800,12,28800.0,1143826.625,0.0,0.5933224364313079,0.4066770171572112,False,False,False,False,True,False,False
11,2,28500,8,31100.0,1162561.125,0.0,0.6171778709700103,0.38282202150876155,False,False,False,False,False,False,False
4,2,26519,23,13592.0,3717064.0,0.0,0.58394205749484,0.41605794250516,False,False,False,False,False,True,False
4,2,19237,23,23373.0,15480681.0,0.0,0.4290731137732248,0.5709268216301338,False,False,False,False,False,True,True
7,2,26300,2,26300.0,3537841.5,0.0,0.434706585922518,0.5652932727483693,False,False,False,False,False,False,False
4,2,34072,23,34072.0,6584966.5,0.0,0.4045862647896538,0.5954136592798156,False,False,False,False,False,True,False
4,3,23355,11,21915.0,840549.375,0.0,0.99999955386321,0.0,False,False,True,False,False,True,False
7,4,30840,11,29255.0,3542708.5,0.0,0.5318794927666219,0.4681203660984244,False,False,True,False,False,False,False
5,1,20332,7,20332.0,392683.6875,0.0,0.5447819881746425,0.4552188076312694,False,False,False,False,False,False,False
11,1,21850,22,21850.0,317794.4063,0.0,0.2582046706087665,0.7417940508917007,False,False,False,False,False,False,False
7,2,28309,12,28309.0,430308.9063,0.0,0.5542088404596891,0.4457913772908586,False,False,False,False,False,False,False
1,5,38376,11,29258.0,2058532.875,0.0,1.0000000607228583,0.0,False,False,True,True,False,False,False
1,4,42804,11,24120.0,1544501.75,0.0,0.4981651849860319,0.5018349768784658,False,False,True,True,False,False,False
1,4,33300,11,26639.0,1287497.375,0.0,0.8353438390505457,0.1646558696867246,False,False,True,True,False,False,False
1,3,22200,7,22200.0,188745.7031,0.0,0.34148062149977493,0.6585209515161672,False,False,False,True,False,False,False
7,2,29498,13,19749.0,3768900.5,0.0,0.8632976646637395,0.1367022026715749,False,False,False,False,False,False,False
4,1,23050,13,23050.0,466672.6875,0.0,1.0000006696342176,0.0,False,False,False,False,False,True,False
4,4,48350,11,48350.0,3168131.0,0.0,1.0,0.0,False,False,True,False,False,True,False
5,1,46059,16,46000.0,1582655.875,0.0,0.8682076891794307,0.13179238980173122,False,False,False,False,False,False,False
5,2,23595,15,23595.0,817409.625,0.0,0.9779686653432788,0.022031793423034383,False,False,False,False,False,False,False
1,3,28142,11,28142.0,847097.8125,0.40209712358335237,0.48884673515787175,0.1090558830831593,False,False,True,True,False,False,False
1,3,28760,11,12314.0,2615973.5,0.191421209924336,0.21873310260979326,0.5898458069242674,False,False,True,True,False,False,False
1,4,39030,11,32001.0,713326.875,0.0,0.7350655335956605,0.2649346416395709,False,False,True,True,False,False,False
1,3,47215,11,23659.0,2092696.0,0.0,0.7634051959768643,0.4739403143122556,False,False,True,True,False,False,False
10,2,34580,7,36280.0,4199443.0,0.0,0.7922586400148781,0.20774135998512183,False,False,False,False,False,False,False
10,3,30720,11,29720.0,1288669.5,0.0,0.7217397478562192,0.27825986414670323,False,False,True,False,False,False,False
10,2,20640,16,9750.0,412562.4063,0.0,0.9999990151792947,0.0,False,False,False,False,False,False,False
10,2,34914,16,14983.0,1333289.625,0.0,1.0000002812592201,0.0,False,False,False,False,False,False,False
10,3,20897,11,10228.0,964923.8125,0.0,0.7516064901756169,0.24839370414024267,False,False,True,False,False,False,False
10,2,36940,16,36940.0,336745.4063,0.0,0.9999987934505048,0.0,False,False,False,False,False,False,False
10,3,22866,11,22866.0,1153690.125,0.0,0.7609972391850022,0.2390026524670132,False,False,True,False,False,False,False
10,1,30240,16,32205.0,1264626.875,0.0,0.8392688950248666,0.1607312038185176,False,False,False,False,False,False,False
5,2,28586,7,27022.0,5078204.0,0.0,0.9999998030799866,0.0,False,False,False,False,False,False,False
1,3,28800,23,28800.0,899924.1875,0.0,0.4477121579755295,0.5522876336735866,False,False,False,True,False,False,False
1,3,35202,11,24227.0,3605755.5,0.0,0.9999998613328053,0.0,False,False,True,True,False,False,False
10,2,24600,22,24600.0,331059.5,0.0,0.7802585335868628,0.21974297671566592,False,False,False,False,False,False,False
10,1,48850,22,28725.0,1063480.5,0.7669873824672855,0.22560169180346984,0.007410573113470346,False,False,False,False,False,False,False
6,1,25000,13,13393.0,1989103.875,0.0,0.4331704396282472,0.566829623214122,False,False,False,False,True,False,False
6,1,25000,13,24000.0,287132.5,0.0,0.500803635952043,0.4991946226916145,False,False,False,False,True,False,False
6,1,22622,31,23000.0,774075.6875,0.0,0.4075002032666218,0.5925002004406708,False,False,False,False,True,False,False
10,3,27544,11,22365.0,1031667.5,0.0,0.785248154080651,0.21475233057162313,False,False,True,False,False,False,False
7,3,22960,2,22960.0,2266983.0,0.0,0.2392285253131585,0.7607710335719324,False,False,False,False,False,False,False
10,1,44739,26,44739.0,14585813.0,0.0,0.5670106973125186,0.4329892341277103,False,False,False,False,False,False,True
5,1,22778,16,21194.0,2470566.0,0.0,0.09081279350561774,0.9091872064943822,False,False,False,False,False,False,False
8,2,21562,22,21052.0,866806.0,0.0,0.2189532605911819,0.7810467394088181,False,False,False,False,False,False,False
11,1,25753,2,25753.0,1378130.25,0.0,0.16801242117717102,0.8319873974176244,False,False,False,False,False,False,False
10,3,71280,32,71280.0,22767828.0,0.0,0.33066333775887624,0.6693366183194989,False,False,False,False,False,False,True
10,3,38297,8,38297.0,1845150.625,0.0,0.338499736302016,0.6615004669334245,False,False,False,False,False,False,False
2,1,24200,22,24200.0,826488.6875,0.0,0.5642363979724768,0.4357639801331219,False,False,False,False,False,False,False
12,3,66610,12,66720.0,640377.0,0.0,0.5144063575050322,0.4855936424949678,False,False,False,False,False,False,False
6,1,36000,7,34000.0,3646053.75,0.0,0.8016436949126161,0.19835609938553428,False,False,False,False,True,False,False
9,2,23222,8,15006.0,1219863.125,0.0,0.17277594156311593,0.8272239559663712,False,False,False,False,False,False,False
10,2,24476,4,7501.0,2662054.25,0.0,0.40461271591290826,0.5953871901746556,False,False,False,False,False,False,False
10,2,24750,16,19240.0,782343.8125,0.0,0.37338826655576063,0.62661197310869,False,False,False,False,False,False,False
10,3,60000,8,48783.0,3625407.5,0.0,0.4239556518818919,0.5760442102025772,False,False,False,False,False,False,False
10,2,46560,2,46560.0,690557.6875,0.0,0.6077884695187034,0.39221198301409105,False,False,False,False,False,False,False
7,3,30408,36,25000.0,1440554.25,0.0,0.9999998264556854,0.0,False,False,False,False,False,False,False
7,3,30109,11,28400.0,1465795.75,0.0,0.6478631146256223,0.3521370559302004,False,False,True,False,False,False,False
13,2,39929,8,39929.0,1813718.0,0.0,0.5872528143845956,0.41274718561540436,False,False,False,False,False,False,False
7,2,25481,11,25481.0,917100.3125,0.0,0.2391134284996768,0.7608862307524292,False,False,True,False,False,False,False
4,2,27788,11,32610.0,2119806.25,0.0,0.7830734530573255,0.216926429007368,False,False,True,False,False,True,False
6,2,22324,13,21000.0,588856.125,0.0,0.32927907474852197,0.6707207129755167,False,False,False,False,True,False,False
6,2,31360,2,32000.0,1725108.25,0.0,0.6529410545686046,0.3470588005129533,False,False,False,False,True,False,False
6,1,30496,16,14344.0,1992158.25,0.0,0.6504774407354436,0.3495224337725178,False,False,False,False,True,False,False
10,3,27600,11,13175.0,1072151.375,0.0,0.8970179234252252,0.10298172681073137,False,False,True,False,False,False,False
6,2,52901,8,52901.0,2240342.0,0.0,0.5686618382371977,0.43133816176280226,False,False,False,False,True,False,False
4,3,24328,11,25927.0,2305643.5,0.0,0.9999997831408021,0.0,False,False,True,False,False,True,False
4,3,20660,11,24914.0,720170.6875,0.0,1.000000433924909,0.0,False,False,True,False,False,True,False
9,1,29400,13,25000.0,227509.5,0.0,0.9999978022895747,0.0,False,False,False,False,False,False,False
5,2,25767,36,17434.0,1581352.75,0.0,0.9999995257225183,0.0,False,False,False,False,False,False,False
5,4,33910,16,14585.0,1822834.25,0.0,0.6967852397989559,0.3032146230519862,False,False,False,False,False,False,False
5,2,78401,22,62400.0,2462408.25,0.0,0.3817295527660777,0.6182703457072969,False,False,False,False,False,False,False
4,2,78716,13,41275.0,4103800.75,0.0,0.89692609954321,0.10307371769937905,False,False,False,False,False,True,False
4,2,33300,8,30740.0,1594733.625,0.0,0.21063517739522172,0.7893650577537675,False,False,False,False,False,True,False
4,1,28808,26,31174.0,9232576.0,0.0,0.6188446214794224,0.38115527020844453,False,False,False,False,False,True,False
5,1,20962,11,20962.0,1100499.75,0.0,1.00000022716952,0.0,False,False,True,False,False,False,False
5,1,26226,26,25828.0,7588060.5,0.0,0.704985153979729,0.2950147801272802,False,False,False,False,False,False,False
5,2,19193,36,19183.0,1159807.125,0.0,0.9999998922234591,0.0,False,False,False,False,False,False,False
4,3,27640,11,20434.0,6197824.5,0.0,0.9999999193265314,0.0,False,False,True,False,False,True,False
1,4,22840,11,18400.0,881386.1875,0.0,0.9999997872669181,0.0,False,False,True,True,False,False,False
1,1,21420,17,10420.0,810636.875,0.0,0.8912338215554283,0.10876633264431747,False,False,False,True,False,False,False
1,1,20880,11,20880.0,683274.0,0.0,1.0,0.0,False,False,True,True,False,False,False
1,3,26000,11,13000.0,1063035.875,0.0,0.7714330431228391,0.22856707446491398,False,False,True,True,False,False,False
1,3,38675,11,12100.0,1938776.75,0.0,0.6602591040974677,0.33974102484981833,False,False,True,True,False,False,False
1,4,49951,11,32039.0,5134446.0,0.07441503912983018,0.4076231398674755,0.5179618210026944,False,False,True,True,False,False,False
2,2,25880,15,25880.0,1941728.75,0.0,0.9300063152487185,0.06999329849753731,False,False,False,False,False,False,False
5,3,41013,22,32098.0,1080821.0,0.0,0.4005381094556823,0.5994618905443176,False,False,False,False,False,False,False
5,2,21075,5,18075.0,1581036.75,0.0,0.4124255808728039,0.5875745772512878,False,False,False,False,False,False,False
5,3,46485,22,63922.0,1544995.75,0.0,0.49138775948089175,0.5086117550808796,False,False,False,False,False,False,False
9,4,56896,11,40768.0,1402048.5,0.0,0.7111900907850192,0.28880955259393665,False,False,True,False,False,False,False
9,2,27500,22,27500.0,577123.125,0.0,0.5954864484073481,0.4045133350010884,False,False,False,False,False,False,False
1,2,36630,11,22000.0,541943.3125,0.0,0.999999423371425,0.0,False,False,True,True,False,False,False
1,3,26830,11,16838.0,2099386.75,0.0,0.5220429251542147,0.47795719392817926,False,False,True,True,False,False,False
1,5,41920,11,41920.0,1103594.75,0.0,1.0000002265324295,0.0,False,False,True,True,False,False,False
1,5,36879,11,44000.0,1537570.25,0.0,0.7713579265727859,0.22864191083301721,False,False,True,True,False,False,False
1,2,33640,11,27322.0,1078535.75,0.0,1.000000231795747,0.0,False,False,True,True,False,False,False
1,4,43484,13,26416.0,1567040.75,0.0,1.0000001595363746,0.0,False,False,False,True,False,False,False
1,3,22480,11,10800.0,981009.125,0.0,0.9999998725801863,0.0,False,False,True,True,False,False,False
1,2,26510,11,30800.0,987063.6875,0.0,0.9055129991295521,0.09448731746602723,False,False,True,True,False,False,False
4,1,40028,13,33222.0,942415.1875,0.0,0.9955261889282743,0.004473612114830227,False,False,False,False,False,True,False
4,3,26282,11,26282.0,2188051.25,0.0,0.9999998857430784,0.0,False,False,True,False,False,True,False
3,1,21624,22,21624.0,666687.5,0.0,0.46966082309927815,0.530339926877285,False,False,False,False,False,False,False
9,1,42239,8,48799.0,2145603.5,0.0,0.41681699344729817,0.5831832395873702,False,False,False,False,False,False,False
9,3,51360,8,51026.0,1403094.75,0.0,0.6843343972315483,0.3156657809460124,False,False,False,False,False,False,False
1,3,21600,11,11600.0,1539176.625,0.0,0.6945538170448762,0.30544577689386365,False,False,True,True,False,False,False
1,2,24550,16,13500.0,977230.3125,0.0,0.09230270371908873,0.11746872618628477,False,False,False,True,False,False,False
4,2,61052,8,61052.0,2366929.5,0.0,0.7135561071844345,0.28644368157141986,False,False,False,False,False,True,False
11,3,25864,5,13364.0,1028277.313,0.0,0.42163625951747513,0.5783634360899296,False,False,False,False,False,False,False
10,2,22388,32,11074.0,2217620.0,0.0,0.3571125801534979,0.6428874198465021,False,False,False,False,False,False,False
11,3,20992,35,24600.0,2473302.0,0.0,0.23324769882529509,0.7667523011747049,False,False,False,False,False,False,False
11,2,22344,8,22344.0,1522596.75,0.0,0.3648937251442314,0.6351064390489471,False,False,False,False,False,False,False
10,3,31900,9,26000.0,2466100.0,0.0,0.30562953651514535,0.6943704634848546,False,False,False,False,False,False,False
8,2,29417,32,18489.0,1631479.125,0.0,0.4038911622605039,0.5961087611219053,False,False,False,False,False,False,False
13,1,31841,26,30899.0,13140574.0,0.0,0.4844015946335373,0.5155984053664627,False,False,False,False,False,False,False
10,2,21036,21,11021.0,2735811.5,0.0,0.530343556198956,0.4696562610399145,False,False,False,False,False,False,False
5,2,32928,21,24288.0,5652231.0,0.0,0.9999998230787099,0.0,False,False,False,False,False,False,False
5,2,20039,22,20039.0,104722.2969,0.0,0.9999971648826583,0.0,False,False,False,False,False,False,False
5,2,54943,8,57247.0,2155390.25,0.0,0.3088243532696689,0.6911759946951602,False,False,False,False,False,False,False
6,1,44476,13,41256.0,1368120.5,0.0,0.6805716309345559,0.31942800360056006,False,False,False,False,True,False,False
6,1,35017,11,19785.0,1295485.25,0.0,0.6982950983038981,0.3017047087182197,False,False,True,False,True,False,False
2,2,22952,22,22962.0,470666.6875,0.0,0.263196872202688,0.7368037917491239,False,False,False,False,False,False,False
6,1,21040,13,21040.0,592088.125,0.0,0.4506339322377053,0.5493658566450729,False,False,False,False,True,False,False
6,2,28032,13,30000.0,1321065.0,0.0,0.3864578957129286,0.6135421042870715,False,False,False,False,True,False,False
6,1,25620,20,25620.0,550324.1875,0.0,0.34515837085572404,0.6548412884360094,False,False,False,False,True,False,False
1,3,33238,13,33238.0,1632472.0,0.0,1.0,0.0,False,False,False,True,False,False,False
10,4,27800,8,11093.0,1181428.75,0.0,0.4473058574205173,0.5526943541876732,False,False,False,False,False,False,False
1,6,706176,11,222807.0,13270687.0,0.0,0.9999998492919018,0.0,False,False,True,True,False,False,True
13,1,33706,26,31746.0,8687690.0,0.0,0.6363597227801636,0.3636402772198363,False,False,False,False,False,False,False
7,2,37600,13,18400.0,2171751.5,0.0,0.2174507534586715,0.7825490163124096,False,False,False,False,False,False,False
9,1,42128,8,42128.0,1709307.5,0.0,0.522747954946667,0.4772517525372117,False,False,False,False,False,False,False
8,2,44753,8,46545.0,1638691.625,0.0,0.3410452530994048,0.6589549757416988,False,False,False,False,False,False,False
10,3,33708,7,33708.0,786324.0,0.21173003278546756,0.7211861777079168,0.067084306214741,False,False,False,False,False,False,False
3,2,47237,7,47661.0,5981430.0,0.0,1.0,0.0,False,False,False,False,False,False,False
8,2,57298,8,60882.0,1586388.75,0.0,1.0000001575906283,0.0,False,False,False,False,False,False,False
5,1,38000,26,41447.0,13906080.0,0.0,0.5833439761600682,0.416655880017949,False,False,False,False,False,False,True
5,3,26373,22,26373.0,964236.0,0.0,0.2929552516188983,0.7070447483811018,False,False,False,False,False,False,False
11,2,75868,11,50379.0,3605749.75,0.0,1.0000000693337079,0.0,False,False,True,False,False,False,False
10,2,21656,2,5656.0,1607972.25,0.0,0.45164834156808364,0.5483515029565964,False,False,False,False,False,False,False
7,3,23040,20,23040.0,421430.0,0.0,1.0,0.0,False,False,False,False,False,False,False
7,2,36771,7,34856.0,5447076.5,0.0,0.9999999082076413,0.0,False,False,False,False,False,False,False
6,1,24024,13,14314.0,375773.5938,0.0,0.9999984197931686,0.0,False,False,False,False,True,False,False
6,1,42420,13,27420.0,965425.1875,0.0,0.49130684194004415,0.5086929638450105,False,False,False,False,True,False,False
6,1,36982,20,34382.0,374753.8125,0.0,0.7534386324622114,0.2465618678662542,False,False,False,False,True,False,False
6,2,23400,13,20002.0,439266.9063,0.0,1.000000213309946,0.0,False,False,False,False,True,False,False
7,2,30720,7,28120.0,1683064.25,0.0,0.2864103375732685,0.7135895138881359,False,False,False,False,False,False,False
6,1,23232,13,23232.0,127374.0,0.0,1.0,0.0,False,False,False,False,True,False,False
6,1,35046,13,32546.0,1063269.125,0.0,0.7912991924786681,0.2087006899593741,False,False,False,False,True,False,False
6,1,25577,30,13349.0,895784.6875,0.0,0.8078581941600782,0.19214103835638516,False,False,False,False,True,False,False
6,1,43380,13,42844.0,405062.0,0.0,1.0,0.0,False,False,False,False,True,False,False
4,3,20410,11,20410.0,2720238.25,0.0,0.5308946743911126,0.4691052337051727,False,False,True,False,False,True,False
9,3,18396,11,18396.0,624125.625,0.0,0.9999989985990401,0.0,False,False,True,False,False,False,False
9,1,45174,8,45174.0,1980825.25,0.0,0.3972945114668747,0.6027053623231025,False,False,False,False,False,False,False
9,1,24955,22,24955.0,689803.0,0.0,0.46390926104989394,0.5360907389501061,False,False,False,False,False,False,False
3,2,76475,22,45442.0,1765813.625,0.0,0.32463278790251715,0.6753674244641759,False,False,False,False,False,False,False
3,2,32961,8,32961.0,1573155.0,0.0,0.28392561444994296,0.7160743855500571,False,False,False,False,False,False,False
9,1,12806,3,12806.0,1082920.125,0.0,0.6173400831386341,0.3826598014327234,False,False,False,False,False,False,False
3,1,44755,26,46978.0,11521140.0,0.0,0.5141513773810578,0.48584853582197596,False,False,False,False,False,False,False
10,2,22320,18,22320.0,209644.9063,0.0,0.654850157931073,0.34515028901515454,False,False,False,False,False,False,False
10,3,24000,11,12000.0,932083.5,0.0,0.9398342530470715,0.0601652105203021,False,False,True,False,False,False,False
10,3,23422,11,23422.0,2701872.0,0.0,0.12372606844439707,0.876273931555603,False,False,True,False,False,False,False
10,2,23040,13,23040.0,79711.79688,0.0,0.9138546971869492,0.08614785099296836,False,False,False,False,False,False,False
10,2,61880,13,61880.0,595936.5,0.0,1.0000008390155664,0.0,False,False,False,False,False,False,False
10,2,27938,11,13917.0,1027394.313,0.0,0.9969414732393989,0.0030582221063939256,False,False,True,False,False,False,False
5,2,21600,27,32580.0,1623657.0,0.0,1.0,0.0,False,False,False,False,False,False,False
5,3,27908,7,21886.0,2028125.625,0.0,0.47552577025399995,0.524474414645789,False,False,False,False,False,False,False
1,3,54969,16,54969.0,3724098.25,0.0,0.9222914567304985,0.07770847613915664,False,False,False,True,False,False,False
11,2,36825,8,44340.0,1755072.75,0.0,0.5195015420300954,0.4804986004141424,False,False,False,False,False,False,False
10,3,25834,11,31822.0,2076289.625,0.0,0.5872268422089717,0.4127728567732934,False,False,True,False,False,False,False
10,1,37700,22,52225.0,3481727.5,0.0,0.21593504948333836,0.784065094123535,False,False,False,False,False,False,False
10,2,27273,8,27273.0,1258619.125,0.0,0.3468364585672413,0.6531634421175667,False,False,False,False,False,False,False
9,3,25111,11,14256.0,954352.6875,0.0,0.5839340186276785,0.4160663088194007,False,False,True,False,False,False,False
7,2,31805,22,31805.0,1641667.0,0.0,0.24814959428434633,0.7518504057156536,False,False,False,False,False,False,False
7,1,20811,8,20811.0,1267348.5,0.0,0.39909780143346524,0.6009025930910085,False,False,False,False,False,False,False
6,2,22058,13,12644.0,1987334.75,0.0,0.42656427157025256,0.5734353510398789,False,False,False,False,True,False,False
6,1,22890,30,43452.0,10005787.0,0.0,0.8916854816117913,0.10831441844604528,False,False,False,False,True,False,False
6,5,36000,7,36000.0,1111293.75,0.0,0.3116871664220194,0.6883130585410023,False,False,False,False,True,False,False
6,1,28320,20,28320.0,4236396.5,0.0,0.8034243253670897,0.1965755566080748,False,False,False,False,True,False,False
5,1,29079,22,29079.0,861643.6875,0.0,0.593189513733889,0.40681084894502867,False,False,False,False,False,False,False
10,3,19232,11,19232.0,726917.5,0.0,0.9999993121640351,0.0,False,False,True,False,False,False,False
8,2,20535,11,13600.0,1835804.0,0.0,0.6941154938108861,0.3058845061891139,False,False,True,False,False,False,False
7,2,43025,25,29527.0,9393108.0,0.0,0.5604608187194271,0.4395390748195379,False,True,False,False,False,False,False
6,1,30800,13,30800.0,485971.0,0.0,1.0,0.0,False,False,False,False,True,False,False
6,1,37400,13,27271.0,924192.6875,0.0,0.9681314428275002,0.031868895305450035,False,False,False,False,True,False,False
1,11,268130,11,268130.0,15026352.0,0.0,0.9969673943482756,0.0030324725522202596,False,False,True,True,False,False,True
1,11,68452,11,61665.0,3782378.25,0.0,0.9999999339040192,0.0,False,False,True,True,False,False,False
1,11,273185,11,281566.0,14709151.0,0.0,0.9999998640302218,0.0,False,False,True,True,False,False,True
5,3,97500,8,97500.0,3736960.0,0.0,0.24370022692241822,0.7562997730775818,False,False,False,False,False,False,False
7,5,54015,11,54015.0,3020001.5,0.0,0.9999998344371683,0.0,False,False,True,False,False,False,False
1,13,42000,38,26554.0,7798464.0,0.3223095278762587,0.5580434813830005,0.11964689456795595,False,False,False,True,False,False,False
1,24,119701,11,102878.0,8382140.5,0.0,0.9999998210480963,0.0,False,False,True,True,False,False,False
3,1,24697,3,15300.0,1295685.75,0.0,0.6629763428362163,0.33702385011180375,False,False,False,False,False,False,False
11,1,57468,9,67750.0,3543985.5,0.0,0.601916119577803,0.3980837393380983,False,False,False,False,False,False,False
10,5,84000,9,84300.0,12184124.0,0.0,0.3649444145512636,0.6350555854487364,False,False,False,False,False,False,False
1,3,103000,16,103000.0,5214621.5,0.0,0.8137012437048403,0.1862986604109234,False,False,False,True,False,False,False
13,1,37864,26,37864.0,8025696.0,0.0,0.6737860492099377,0.32621382619027683,False,False,False,False,False,False,False
10,2,66497,26,66497.0,9290214.0,0.0,0.983078430701381,0.016921354018325088,False,False,False,False,False,False,False
7,4,34010,16,38428.0,3560614.25,0.0,0.9999999297873955,0.0,False,False,False,False,False,False,False
7,4,45980,26,45980.0,8305255.0,0.0,0.6464864715171298,0.3535135284828702,False,False,False,False,False,False,False
10,3,45743,16,45243.0,5313217.0,0.0,0.8107035718661594,0.18929623992394815,False,False,False,False,False,False,False
11,1,45000,4,45000.0,3505497.0,0.0,0.2999985451421011,0.7000014548578989,False,False,False,False,False,False,False
6,6,333698,21,432903.0,13730204.0,0.0,0.6847630960180927,0.31523690398190735,False,False,False,False,True,False,True
6,4,72859,13,72859.0,1498457.875,0.0,0.9713219332241823,0.028678150194912887,False,False,False,False,True,False,False
2,2,138705,8,138705.0,4959298.0,0.0,0.6058107417622414,0.39418925823775863,False,False,False,False,False,False,False
6,3,21947,7,14877.0,1554599.25,0.0,0.6236919257487098,0.3763079134381417,False,False,False,False,True,False,False
5,0,384772,13,349953.0,15206762.0,0.0,0.5928199573321394,0.40717991114742247,False,False,False,False,False,False,True
5,0,30287,15,28050.0,2193115.0,0.0,0.8277746493001963,0.17222535069980371,False,False,False,False,False,False,False
5,0,21931,11,31845.0,3947209.25,0.0,0.35432400752506343,0.6456761824825983,False,False,True,False,False,False,False
1,6,73102,11,92723.0,4307238.5,0.0,0.9999998839163422,0.0,False,False,True,True,False,False,False
6,1,87458,11,41097.0,8475238.0,0.0,0.45902274366808343,0.5409772563319166,False,False,True,False,True,False,False
3,1,51400,26,51841.0,11702959.0,0.0,0.5886688998910447,0.41133101466048033,False,False,False,False,False,False,False
4,1,26263,11,26263.0,1634669.375,0.0,0.9999997705958124,0.0,False,False,True,False,False,True,False
6,2,39212,7,39212.0,72370.39844,0.0,1.0000083122383316,0.0,False,False,False,False,True,False,False
11,1,21400,32,11737.0,5170809.5,0.0,0.4863066411555096,0.513693262147832,False,False,False,False,False,False,False
10,8,178000,25,181930.0,53166156.0,0.5836456184644984,0.41635432510862735,0.0,False,True,False,False,False,False,True
6,4,162157,11,88698.0,40613740.0,0.0,0.8645070609109134,0.13549274211141352,False,False,True,False,True,False,True
7,4,33997,26,33997.0,8926736.0,0.0,0.9213473995422291,0.07865248843474255,False,False,False,False,False,False,False
4,11,526423,11,400536.0,17463744.0,0.0,0.9485614310425072,0.05143845443451301,False,False,True,False,False,True,True
2,2,45700,13,293707.0,1544193.75,0.0,0.9335577222741641,0.0664424396226186,False,False,False,False,False,False,False
5,0,502030,32,564258.0,18470340.0,0.0,0.5067521225922208,0.4932478232669242,False,False,False,False,False,False,True
6,6,157345,11,157345.0,11624548.0,0.0,0.9794426415547512,0.020557272420398627,False,False,True,False,True,False,False
6,2,137138,41,138602.0,5475367.0,0.0,0.9999998173638406,0.0,False,False,False,False,True,False,False
13,6,146363,28,146363.0,11730555.0,0.0,0.548869256399207,0.45113065835333455,False,False,False,False,False,False,False
13,1,67263,26,67263.0,14697487.0,0.0,0.6308866951200569,0.36911316880225853,False,False,False,False,False,False,True
5,2,70292,22,70292.0,1933811.625,0.0,0.5055978500491225,0.4944018267549715,False,False,False,False,False,False,False
1,7,55559,24,60000.0,41680640.0,0.0,0.9999998560482757,0.0,True,False,False,True,False,False,True
4,8,225581,25,172793.0,41696464.0,0.0,0.5854262366228464,0.4145736674457575,False,True,False,False,False,True,True
10,2,35780,8,38000.0,2912264.0,0.0,0.7671742671680865,0.2328257328319136,False,False,False,False,False,False,False
7,3,76844,11,83533.0,1363191.625,0.0,1.0000002750897181,0.0,False,False,True,False,False,False,False
1,3,47673,11,47000.0,2502131.0,0.0,0.9770067994041879,0.02299320059581213,False,False,True,True,False,False,False
9,2,48925,8,63500.0,1662054.125,0.0,0.8329349683482781,0.14855533059129467,False,False,False,False,False,False,False
7,1,29000,7,25100.0,2429214.0,0.0,0.6605877456658821,0.3394122543341179,False,False,False,False,False,False,False
6,7,187027,11,191333.0,4581493.0,0.0,0.9514573087855859,0.04854247294495485,False,False,True,False,True,False,True
6,2,56988,10,24520.0,544172.375,0.0,0.5085373912999535,0.49146191958016977,False,False,False,False,True,False,False
12,2,44162,44,44162.0,1546484.875,0.0,0.6166468327082734,0.38335324812019256,False,False,False,False,False,False,False
2,1,53775,32,35361.0,12095818.0,0.0,0.33130467075480136,0.6686952465719971,False,False,False,False,False,False,False
10,2,64820,11,37668.0,2274296.75,0.0,0.8709360377004453,0.12906363252728564,False,False,True,False,False,False,False
10,2,99765,9,99765.0,3185005.25,0.0,0.6455166753649778,0.35448324614221594,False,False,False,False,False,False,False
10,3,428347,9,472384.0,37022180.0,0.3661647963464064,0.5923643070181173,0.041470842613806104,False,False,False,False,False,False,True
8,8,41198,26,41198.0,7768057.5,0.0,0.9206761149746896,0.0793238206591545,False,False,False,False,False,False,False
6,1,20993,18,20983.0,923812.8125,0.0,0.8614613147076264,0.107069309563186,False,False,False,False,True,False,False
2,0,40265,44,40265.0,2159170.25,0.0,0.6352917283850127,0.3647081558297684,False,False,False,False,False,False,False
5,4,58779,9,58779.0,5000717.0,0.0,0.7437367481503152,0.0,False,False,False,False,False,False,False
5,6,203030,9,203030.0,51168308.0,0.0,0.5592253118864122,0.0,False,False,False,False,False,False,True
4,6,427181,11,427181.0,16371039.0,0.0,0.8681818545542528,0.13181802327879127,False,False,True,False,False,True,True
2,4,87576,12,87576.0,940844.6875,0.0,0.9227474114849589,0.07725292066337995,False,False,False,False,False,False,False
5,3,33648,21,83600.0,1399581.625,0.0,1.000000267937213,0.0,False,False,False,False,False,False,False
7,10,513816,11,359040.0,18760766.0,0.0,0.9036469513025215,0.09635294209202332,False,False,True,False,False,False,True
4,12,317442,11,341897.0,12720069.0,0.0,0.9003856818701219,0.09961416089802658,False,False,True,False,False,True,True
7,2,25532,11,11745.0,627854.125,0.0,0.9999998009091682,0.0,False,False,True,False,False,False,False
6,2,108036,21,202171.0,4991893.5,0.0,0.7517259733205446,0.24827392651706212,False,False,False,False,True,False,False
4,12,317189,11,342173.0,13998638.0,0.0,0.8381542547210664,0.16184567384341247,False,False,True,False,False,True,True
4,13,339038,11,342838.0,13239050.0,0.0,0.7497342331964907,0.250265615735268,False,False,True,False,False,True,True
6,1,47863,13,52085.0,3605855.5,0.0,0.20322583642078834,0.7967740249158626,False,False,False,False,True,False,False
6,2,24990,11,24990.0,4420650.5,0.0,0.4902059097411116,0.5097939771533624,False,False,True,False,True,False,False
5,1,72000,32,72000.0,2925780.0,0.0,0.6499531748798612,0.3500468251201389,False,False,False,False,False,False,False
6,3,45000,8,45728.0,1325972.75,0.0,1.0000001885408278,0.0,False,False,False,False,True,False,False
4,6,260262,25,151523.0,39364116.0,0.0,0.6004657643016802,0.39953413408292976,False,True,False,False,False,True,True
5,1,68072,9,68916.0,3180819.25,0.0,0.9999999214038962,0.0,False,False,False,False,False,False,False
3,1,20616,32,9900.0,636965.5,0.0,0.9999999813176694,0.0,False,False,False,False,False,False,False
8,1,16795,32,8680.0,936616.5,0.0,0.5788221604039647,0.42117769909028935,False,False,False,False,False,False,False
8,1,12769,32,10912.0,5117308.5,0.0,0.23550921583093923,0.7644907779157735,False,False,False,False,False,False,False
7,1,13661,11,13661.0,502667.6875,0.0,1.0000001879969658,0.0,False,False,True,False,False,False,False
10,1,23445,32,23445.0,5976246.0,0.0,0.21098024411980365,0.789019692462459,False,False,False,False,False,False,False
11,1,20050,32,8108.0,1813404.0,0.0,0.42431420406043,0.5756858780503407,False,False,False,False,False,False,False
2,1,15398,11,15398.0,387810.0,0.0,0.7156516116139346,0.2843480003094299,False,False,True,False,False,False,False
12,1,18261,32,18261.0,932082.125,0.0,0.6784402255327019,0.32155964271925075,False,False,False,False,False,False,False
6,1,12294,11,12294.0,849745.6875,0.0,0.6169738401879209,0.3830263915284654,False,False,True,False,True,False,False
1,1,16000,32,16000.0,950276.1875,0.0,0.4172955791339347,0.5827042577555906,False,False,False,True,False,False,False
7,1,13157,32,7583.0,5765898.0,0.0,0.3108204061188734,0.689179562836526,False,False,False,False,False,False,False
6,1,14101,32,6601.0,719471.1875,0.0,0.4848980502085776,0.5151019351973702,False,False,False,False,True,False,False
6,1,18258,32,8271.0,1152896.25,0.0,0.3751892223606417,0.6248107687053367,False,False,False,False,True,False,False
